DIRECCIONAMIENTO MQTT OBSERVATORIO AURA LSST 2020;;;;;;;;;;;;;;
;;;;;;;;;;;;;;
PISO;TABLERO;VARIABLE INTERNA SISTEMA;TOPIC MQTT;PUBLICACION;SUSCRIPCION;SIGNAL;READ / WRITE;SIGNAL RANGE ;LIMITES;UNIT;ESTADO ACTUAL;OBSERVACIONES (0) CORRECIONES;;
PISO 1;CHILLER N°1;Current_Temp_Set;LSST/PISO01/CHILLER_01/SETPOINT_ACTIVO;.;;ANALOG VALUE;READ ;22;-10/10;°C;OK;;;
;;Ain_Out_Temp_Cond;LSST/PISO01/CHILLER_01/TEMPERATURA_AGUA_RETORNO_EVAPORADOR;.;;ANALOG INPUT;READ ;22;-10/10;°C;OK;;;
;;Ain_In_Temp_Rec;LSST/PISO01/CHILLER_01/TEMPERATURA_AGUA_IMPULSION_EVAPORADOR;.;;ANALOG INPUT;READ ;22;-10/10;°C;OK;;;
;;Ain_Low_Press_Circ1;LSST/PISO01/CHILLER_01/PRESION_BAJA_CTO1;.;;ANALOG INPUT;READ ;22;0/5;bar;OK;;;
;;Ain_Low_Press_Circ2;LSST/PISO01/CHILLER_01/PRESION_BAJA_CTO2;.;;ANALOG INPUT;READ ;22;0/5;bar;OK;;;
;;I036 (POTENCIA DISPONIBLE CHILLER);LSST/PISO01/CHILLER_01/POTENCIA_DISPONIBLE_CHILLER;.;;ANALOG VALUE;READ ;22;0% a 100%;%;OK;;;
;;I035 (% POTENCIA DE TRABAJO);LSST/PISO01/CHILLER_01/%_POTENCIA_TRABAJO;.;;ANALOG VALUE;READ ;22;0% a 100%;%;OK;;;
;;MODO_OPERACION;LSST/PISO01/CHILLER_01/MODO_OPERACION;.;;ANALOG VALUE;READ ;22;0 a 16;-;OK;;;
;;ESTADO_UNIDAD;LSST/PISO01/CHILLER_01/ESTADO_UNIDAD;.;;ANALOG VALUE;READ ;22;0 a 10;-;OK;;;
;;HORAS_COMP_PROMEDIO;LSST/PISO01/CHILLER_01/HORAS_COMPRESOR_PROMEDIO;.;;ANALOG VALUE;READ ;22;0 a 100000;°C;OK;;;
;;HORAS_COMP_01;LSST/PISO01/CHILLER_01/HORAS_COMPRESOR_01;.;;ANALOG VALUE;READ ;22;0 a 100000;°C;OK;;;
;;HORAS_COMP_02;LSST/PISO01/CHILLER_01/HORAS_COMPRESOR_02;.;;ANALOG VALUE;READ ;22;0 a 100000;°C;OK;;;
;;HORAS_COMP_03;LSST/PISO01/CHILLER_01/HORAS_COMPRESOR_03;.;;ANALOG VALUE;READ ;22;0 a 100000;°C;OK;;;
;;HORAS_COMP_04;LSST/PISO01/CHILLER_01/HORAS_COMPRESOR_04;.;;ANALOG VALUE;READ ;22;0 a 100000;°C;OK;;;
;;STATUS_COMP_01;LSST/PISO01/CHILLER_01/COMPRESOR_01_FUNCIONANDO;.;;BINARY INPUT;READ ;TRUE (O) FALSE;0/1;-;OK;;;
;;STATUS_COMP_02;LSST/PISO01/CHILLER_01/COMPRESOR_02_FUNCIONANDO;.;;BINARY INPUT;READ ;TRUE (O) FALSE;0/1;-;OK;;;
;;STATUS_COMP_03;LSST/PISO01/CHILLER_01/COMPRESOR_03_FUNCIONANDO;.;;BINARY INPUT;READ ;TRUE (O) FALSE;0/1;-;OK;;;
;;STATUS_COMP_04;LSST/PISO01/CHILLER_01/COMPRESOR_04_FUNCIONANDO;.;;BINARY INPUT;READ ;TRUE (O) FALSE;0/1;-;OK;;;
;;ALARMA_COMPRESOR_01;LSST/PISO01/CHILLER_01/COMPRESOR_01_ALARMADO;.;;PRESENT VALUE;READ ;TRUE (O) FALSE;0/1;-;OK;;;
;;ALARMA_COMPRESOR_02;LSST/PISO01/CHILLER_01/COMPRESOR_02_ALARMADO;.;;PRESENT VALUE;READ ;TRUE (O) FALSE;0/1;-;OK;;;
;;ALARMA_COMPRESOR_03;LSST/PISO01/CHILLER_01/COMPRESOR_03_ALARMADO;.;;PRESENT VALUE;READ ;TRUE (O) FALSE;0/1;-;OK;;;
;;ALARMA_COMPRESOR_04;LSST/PISO01/CHILLER_01/COMPRESOR_04_ALARMADO;.;;PRESENT VALUE;READ ;TRUE (O) FALSE;0/1;-;OK;;;
;;ALARMA_GENERAL;LSST/PISO01/CHILLER_01/ALARMA_GENERAL;.;;PRESENT VALUE;READ ;TRUE (O) FALSE;0/1;-;OK;;;
;;PP_Selector;LSST/PISO01/CHILLER_01/COMANDO_ENCENDIDO;.;;PRESENT VALUE;READ ;TRUE (O) FALSE;0/1;-;OK;;;
;;Current_Temp_Set_LSST;LSST/PISO01/CHILLER_01/SETPOINT_ACTIVO_LSST;;.;ANALOG OUTPUT;WRITE;22;-10/10;°C;EN PROCESO 2 ETAPA;;;
;;PP_CHILLER_01_LSST;LSST/PISO01/CHILLER_01/COMANDO_ENCENDIDO_LSST;;.;BINARY OUTPUT;WRITE;TRUE (O) FALSE;0/1;-;EN PROCESO 2 ETAPA;;;
;;;;;;;;;;;;;;
;;;;;;;;;;;;;;
PISO 1;CHILLER N°2;Current_Temp_Set;LSST/PISO01/CHILLER_02/SETPOINT_ACTIVO;.;;ANALOG VALUE;READ ;22;-10/10;°C;OK;;;
;;Ain_Out_Temp_Cond;LSST/PISO01/CHILLER_02/TEMPERATURA_AGUA_RETORNO_EVAPORADOR;.;;ANALOG INPUT;READ ;22;-10/10;°C;OK;;;
;;Ain_In_Temp_Rec;LSST/PISO01/CHILLER_02/TEMPERATURA_AGUA_IMPULSION_EVAPORADOR;.;;ANALOG INPUT;READ ;22;-10/10;°C;OK;;;
;;Ain_Low_Press_Circ1;LSST/PISO01/CHILLER_02/PRESION_BAJA_CTO1;.;;ANALOG INPUT;READ ;22;0/5;bar;OK;;;
;;Ain_Low_Press_Circ2;LSST/PISO01/CHILLER_02/PRESION_BAJA_CTO2;.;;ANALOG INPUT;READ ;22;0/5;bar;OK;;;
;;I036 (POTENCIA DISPONIBLE CHILLER);LSST/PISO01/CHILLER_02/POTENCIA_DISPONIBLE_CHILLER;.;;ANALOG VALUE;READ ;22;0% a 100%;%;OK;;;
;;I035 (% POTENCIA DE TRABAJO);LSST/PISO01/CHILLER_02/%_POTENCIA_TRABAJO;.;;ANALOG VALUE;READ ;22;0% a 100%;%;OK;;;
;;MODO_OPERACION;LSST/PISO01/CHILLER_02/MODO_OPERACION;.;;ANALOG VALUE;READ ;22;0 a 16;-;OK;;;
;;ESTADO_UNIDAD;LSST/PISO01/CHILLER_02/ESTADO_UNIDAD;.;;ANALOG VALUE;READ ;22;0 a 10;-;OK;;;
;;HORAS_COMP_PROMEDIO;LSST/PISO01/CHILLER_02/HORAS_COMPRESOR_PROMEDIO;.;;ANALOG VALUE;READ ;22;0 a 100000;°C;OK;;;
;;HORAS_COMP_01;LSST/PISO01/CHILLER_02/HORAS_COMPRESOR_01;.;;ANALOG VALUE;READ ;22;0 a 100000;°C;OK;;;
;;HORAS_COMP_02;LSST/PISO01/CHILLER_02/HORAS_COMPRESOR_02;.;;ANALOG VALUE;READ ;22;0 a 100000;°C;OK;;;
;;HORAS_COMP_03;LSST/PISO01/CHILLER_02/HORAS_COMPRESOR_03;.;;ANALOG VALUE;READ ;22;0 a 100000;°C;OK;;;
;;HORAS_COMP_04;LSST/PISO01/CHILLER_02/HORAS_COMPRESOR_04;.;;ANALOG VALUE;READ ;22;0 a 100000;°C;OK;;;
;;STATUS_COMP_01;LSST/PISO01/CHILLER_02/COMPRESOR_01_FUNCIONANDO;.;;BINARY INPUT;READ ;TRUE (O) FALSE;0/1;-;OK;;;
;;STATUS_COMP_02;LSST/PISO01/CHILLER_02/COMPRESOR_02_FUNCIONANDO;.;;BINARY INPUT;READ ;TRUE (O) FALSE;0/1;-;OK;;;
;;STATUS_COMP_03;LSST/PISO01/CHILLER_02/COMPRESOR_03_FUNCIONANDO;.;;BINARY INPUT;READ ;TRUE (O) FALSE;0/1;-;OK;;;
;;STATUS_COMP_04;LSST/PISO01/CHILLER_02/COMPRESOR_04_FUNCIONANDO;.;;BINARY INPUT;READ ;TRUE (O) FALSE;0/1;-;OK;;;
;;ALARMA_COMPRESOR_01;LSST/PISO01/CHILLER_02/COMPRESOR_01_ALARMADO;.;;PRESENT VALUE;READ ;TRUE (O) FALSE;0/1;-;OK;;;
;;ALARMA_COMPRESOR_02;LSST/PISO01/CHILLER_02/COMPRESOR_02_ALARMADO;.;;PRESENT VALUE;READ ;TRUE (O) FALSE;0/1;-;OK;;;
;;ALARMA_COMPRESOR_03;LSST/PISO01/CHILLER_02/COMPRESOR_03_ALARMADO;.;;PRESENT VALUE;READ ;TRUE (O) FALSE;0/1;-;OK;;;
;;ALARMA_COMPRESOR_04;LSST/PISO01/CHILLER_02/COMPRESOR_04_ALARMADO;.;;PRESENT VALUE;READ ;TRUE (O) FALSE;0/1;-;OK;;;
;;ALARMA_GENERAL;LSST/PISO01/CHILLER_02/ALARMA_GENERAL;.;;PRESENT VALUE;READ ;TRUE (O) FALSE;0/1;-;OK;;;
;;PP_Selector;LSST/PISO01/CHILLER_02/COMANDO_ENCENDIDO;.;;PRESENT VALUE;READ ;TRUE (O) FALSE;0/1;-;OK;;;
;;Current_Temp_Set_LSST;LSST/PISO01/CHILLER_02/SETPOINT_ACTIVO_LSST;;.;ANALOG OUTPUT;WRITE;22;-10/10;°C;EN PROCESO 2 ETAPA;;;
;;PP_CHILLER_01_LSST;LSST/PISO01/CHILLER_02/COMANDO_ENCENDIDO_LSST;;.;BINARY OUTPUT;WRITE;TRUE (O) FALSE;0/1;-;EN PROCESO 2 ETAPA;;;
;;;;;;;;;;;;;;
;;;;;;;;;;;;;;
PISO 1;CHILLER N°3;Current_Temp_Set;LSST/PISO01/CHILLER_03/SETPOINT_ACTIVO;.;;ANALOG VALUE;READ ;22;-10/10;°C;OK;;;
;;Ain_Out_Temp_Cond;LSST/PISO01/CHILLER_03/TEMPERATURA_AGUA_RETORNO_EVAPORADOR;.;;ANALOG INPUT;READ ;22;-10/10;°C;OK;;;
;;Ain_In_Temp_Rec;LSST/PISO01/CHILLER_03/TEMPERATURA_AGUA_IMPULSION_EVAPORADOR;.;;ANALOG INPUT;READ ;22;-10/10;°C;OK;;;
;;Ain_Low_Press_Circ1;LSST/PISO01/CHILLER_03/PRESION_BAJA_CTO1;.;;ANALOG INPUT;READ ;22;0/5;bar;OK;;;
;;Ain_Low_Press_Circ2;LSST/PISO01/CHILLER_03/PRESION_BAJA_CTO2;.;;ANALOG INPUT;READ ;22;0/5;bar;OK;;;
;;I036 (POTENCIA DISPONIBLE CHILLER);LSST/PISO01/CHILLER_03/POTENCIA_DISPONIBLE_CHILLER;.;;ANALOG VALUE;READ ;22;0% a 100%;%;OK;;;
;;I035 (% POTENCIA DE TRABAJO);LSST/PISO01/CHILLER_03/%_POTENCIA_TRABAJO;.;;ANALOG VALUE;READ ;22;0% a 100%;%;OK;;;
;;MODO_OPERACION;LSST/PISO01/CHILLER_03/MODO_OPERACION;.;;ANALOG VALUE;READ ;22;0 a 16;-;OK;;;
;;ESTADO_UNIDAD;LSST/PISO01/CHILLER_03/ESTADO_UNIDAD;.;;ANALOG VALUE;READ ;22;0 a 10;-;OK;;;
;;HORAS_COMP_PROMEDIO;LSST/PISO01/CHILLER_03/HORAS_COMPRESOR_PROMEDIO;.;;ANALOG VALUE;READ ;22;0 a 100000;°C;OK;;;
;;HORAS_COMP_01;LSST/PISO01/CHILLER_03/HORAS_COMPRESOR_01;.;;ANALOG VALUE;READ ;22;0 a 100000;°C;OK;;;
;;HORAS_COMP_02;LSST/PISO01/CHILLER_03/HORAS_COMPRESOR_02;.;;ANALOG VALUE;READ ;22;0 a 100000;°C;OK;;;
;;HORAS_COMP_03;LSST/PISO01/CHILLER_03/HORAS_COMPRESOR_03;.;;ANALOG VALUE;READ ;22;0 a 100000;°C;OK;;;
;;HORAS_COMP_04;LSST/PISO01/CHILLER_03/HORAS_COMPRESOR_04;.;;ANALOG VALUE;READ ;22;0 a 100000;°C;OK;;;
;;STATUS_COMP_01;LSST/PISO01/CHILLER_03/COMPRESOR_01_FUNCIONANDO;.;;BINARY INPUT;READ ;TRUE (O) FALSE;0/1;-;OK;;;
;;STATUS_COMP_02;LSST/PISO01/CHILLER_03/COMPRESOR_02_FUNCIONANDO;.;;BINARY INPUT;READ ;TRUE (O) FALSE;0/1;-;OK;;;
;;STATUS_COMP_03;LSST/PISO01/CHILLER_03/COMPRESOR_03_FUNCIONANDO;.;;BINARY INPUT;READ ;TRUE (O) FALSE;0/1;-;OK;;;
;;STATUS_COMP_04;LSST/PISO01/CHILLER_03/COMPRESOR_04_FUNCIONANDO;.;;BINARY INPUT;READ ;TRUE (O) FALSE;0/1;-;OK;;;
;;ALARMA_COMPRESOR_01;LSST/PISO01/CHILLER_03/COMPRESOR_01_ALARMADO;.;;PRESENT VALUE;READ ;TRUE (O) FALSE;0/1;-;OK;;;
;;ALARMA_COMPRESOR_02;LSST/PISO01/CHILLER_03/COMPRESOR_02_ALARMADO;.;;PRESENT VALUE;READ ;TRUE (O) FALSE;0/1;-;OK;;;
;;ALARMA_COMPRESOR_03;LSST/PISO01/CHILLER_03/COMPRESOR_03_ALARMADO;.;;PRESENT VALUE;READ ;TRUE (O) FALSE;0/1;-;OK;;;
;;ALARMA_COMPRESOR_04;LSST/PISO01/CHILLER_03/COMPRESOR_04_ALARMADO;.;;PRESENT VALUE;READ ;TRUE (O) FALSE;0/1;-;OK;;;
;;ALARMA_GENERAL;LSST/PISO01/CHILLER_03/ALARMA_GENERAL;.;;PRESENT VALUE;READ ;TRUE (O) FALSE;0/1;-;OK;;;
;;PP_Selector;LSST/PISO01/CHILLER_03/COMANDO_ENCENDIDO;.;;PRESENT VALUE;READ ;TRUE (O) FALSE;0/1;-;OK;;;
;;Current_Temp_Set_LSST;LSST/PISO01/CHILLER_03/SETPOINT_ACTIVO_LSST;;.;ANALOG OUTPUT;WRITE;22;-10/10;°C;EN PROCESO 2 ETAPA;;;
;;PP_CHILLER_01_LSST;LSST/PISO01/CHILLER_03/COMANDO_ENCENDIDO_LSST;;.;BINARY OUTPUT;WRITE;TRUE (O) FALSE;0/1;-;EN PROCESO 2 ETAPA;;;
;;;;;;;;;;;;;;
;;;;;;;;;;;;;;
DIRECCIONAMIENTO MQTT OBSERVATORIO AURA LSST 2020;;;;;;;;;;;;;;
;;;;;;;;;;;;;;
PISO;TABLERO;VARIABLE INTERNA SISTEMA;TOPIC MQTT;PUBLICACION;SUSCRIPCION;SEÑAL;READ / WRITE;SIGNAL RANGE ;LIMITES;UNIT;ESTADO ACTUAL;OBSERVACIONES (0) CORRECIONES;;
PISO 2;FANCOIL N°1;HEAT.COOL;LSST/PISO02/FANCOIL01/ESTADO_OPERACION;.;;BINARY OUTPUT;READ ;TRUE (O) FALSE;0/1;-;OK;;;
;;HTG STG 1;LSST/PISO02/FANCOIL01/ESTADO_CALEFACTOR;.;;BINARY OUTPUT;READ ;TRUE (O) FALSE;0/1;-;OK;;;
;;FAN;LSST/PISO02/FANCOIL01/ESTADO_VENTILADOR;.;;BINARY OUTPUT;READ ;TRUE (O) FALSE;0/1;-;OK;;;
;;ROOM TEMP;LSST/PISO02/FANCOIL01/TEMPERATURA_SALA;.;;ANALOG VALUE;READ ;22;20/26;°C;OK;;;
;;VLV POS;LSST/PISO02/FANCOIL01/%_APERTURA_VALVULA_FRIO;.;;ANALOG OUTPUT;READ ;22;0% a 100%;%;OK;;;
;;DAY CLG STPT;LSST/PISO02/FANCOIL01/SETPOINT_COOLING_DAY;.;;ANALOG OUTPUT;READ ;22;18/30;°C;OK;;;
;;DAY HTG STPT;LSST/PISO02/FANCOIL01/SETPOINT_HEATING_DAY;.;;ANALOG OUTPUT;READ ;22;18/30;°C;OK;;;
;;NGT CLG STPT;LSST/PISO02/FANCOIL01/SETPOINT_COOLING_NIGHT;.;;ANALOG OUTPUT;READ ;22;18/30;°C;OK;;;
;;NGT HTG STPT;LSST/PISO02/FANCOIL01/SETPOINT_HEATING_NIGHT;.;;ANALOG OUTPUT;READ ;22;18/30;°C;OK;;;
;;CTL STPT;LSST/PISO02/FANCOIL01/SETPOINT_TRABAJO;.;;ANALOG OUTPUT;READ ;22;18/30;°C;OK;;;
;;PP_selector;LSST/PISO02/FANCOIL01/COMANDO_ENCENDIDO;.;;BINARY OUTPUT;READ ;TRUE (O) FALSE;0/1;-;OK;;;
;;VLV POS_LSST;LSST/PISO02/FANCOIL01/%_APERTURA_VALVULA_FRIO_LSST;;.;ANALOG OUTPUT;WRITE;22;0% a 100%;%;EN PROCESO 2 ETAPA;;;
;;DAY CLG STPT_LSST;LSST/PISO02/FANCOIL01/SETPOINT_COOLING_DAY_LSST;;.;ANALOG OUTPUT;WRITE;22;18/30;°C;EN PROCESO 2 ETAPA;;;
;;DAY HTG STPT_LSST;LSST/PISO02/FANCOIL01/SETPOINT_HEATING_DAY_LSST;;.;ANALOG OUTPUT;WRITE;22;18/30;°C;EN PROCESO 2 ETAPA;;;
;;NGT CLG STPT_LSST;LSST/PISO02/FANCOIL01/SETPOINT_COOLING_NIGHT_LSST;;.;ANALOG OUTPUT;WRITE;22;18/30;°C;EN PROCESO 2 ETAPA;;;
;;NGT HTG STPT_LSST;LSST/PISO02/FANCOIL01/SETPOINT_HEATING_NIGHT_LSST;;.;ANALOG OUTPUT;WRITE;22;18/30;°C;EN PROCESO 2 ETAPA;;;
;;CTL STPT_LSST;LSST/PISO02/FANCOIL01/SETPOINT_TRABAJO_LSST;;.;ANALOG OUTPUT;WRITE;22;18/30;°C;EN PROCESO 2 ETAPA;;;
;;PP_selector_LSST;LSST/PISO02/FANCOIL01/COMANDO_ENCENDIDO_LSST;;.;BINARY OUTPUT;WRITE;TRUE (O) FALSE;0/1;-;EN PROCESO 2 ETAPA;;;
;;;;;;;;;;;;;;
;;;;;;;;;;;;;;
PISO 2;FANCOIL N°2;HEAT.COOL;LSST/PISO02/FANCOIL02/ESTADO_OPERACION;.;;BINARY OUTPUT;READ ;TRUE (O) FALSE;0/1;-;OK;;;
;;HTG STG 1;LSST/PISO02/FANCOIL02/ESTADO_CALEFACTOR;.;;BINARY OUTPUT;READ ;TRUE (O) FALSE;0/1;-;OK;;;
;;FAN;LSST/PISO02/FANCOIL02/ESTADO_VENTILADOR;.;;BINARY OUTPUT;READ ;TRUE (O) FALSE;0/1;-;OK;;;
;;ROOM TEMP;LSST/PISO02/FANCOIL02/TEMPERATURA_SALA;.;;ANALOG VALUE;READ ;22;20/26;°C;OK;;;
;;VLV POS;LSST/PISO02/FANCOIL02/%_APERTURA_VALVULA_FRIO;.;;ANALOG OUTPUT;READ ;22;0% a 100%;%;OK;;;
;;DAY CLG STPT;LSST/PISO02/FANCOIL02/SETPOINT_COOLING_DAY;.;;ANALOG OUTPUT;READ ;22;18/30;°C;OK;;;
;;DAY HTG STPT;LSST/PISO02/FANCOIL02/SETPOINT_HEATING_DAY;.;;ANALOG OUTPUT;READ ;22;18/30;°C;OK;;;
;;NGT CLG STPT;LSST/PISO02/FANCOIL02/SETPOINT_COOLING_NIGHT;.;;ANALOG OUTPUT;READ ;22;18/30;°C;OK;;;
;;NGT HTG STPT;LSST/PISO02/FANCOIL02/SETPOINT_HEATING_NIGHT;.;;ANALOG OUTPUT;READ ;22;18/30;°C;OK;;;
;;CTL STPT;LSST/PISO02/FANCOIL02/SETPOINT_TRABAJO;.;;ANALOG OUTPUT;READ ;22;18/30;°C;OK;;;
;;PP_selector;LSST/PISO02/FANCOIL02/COMANDO_ENCENDIDO;.;;BINARY OUTPUT;READ ;TRUE (O) FALSE;0/1;-;OK;;;
;;VLV POS_LSST;LSST/PISO02/FANCOIL02/%_APERTURA_VALVULA_FRIO_LSST;;.;ANALOG OUTPUT;WRITE;22;0% a 100%;%;EN PROCESO 2 ETAPA;;;
;;DAY CLG STPT_LSST;LSST/PISO02/FANCOIL02/SETPOINT_COOLING_DAY_LSST;;.;ANALOG OUTPUT;WRITE;22;18/30;°C;EN PROCESO 2 ETAPA;;;
;;DAY HTG STPT_LSST;LSST/PISO02/FANCOIL02/SETPOINT_HEATING_DAY_LSST;;.;ANALOG OUTPUT;WRITE;22;18/30;°C;EN PROCESO 2 ETAPA;;;
;;NGT CLG STPT_LSST;LSST/PISO02/FANCOIL02/SETPOINT_COOLING_NIGHT_LSST;;.;ANALOG OUTPUT;WRITE;22;18/30;°C;EN PROCESO 2 ETAPA;;;
;;NGT HTG STPT_LSST;LSST/PISO02/FANCOIL02/SETPOINT_HEATING_NIGHT_LSST;;.;ANALOG OUTPUT;WRITE;22;18/30;°C;EN PROCESO 2 ETAPA;;;
;;CTL STPT_LSST;LSST/PISO02/FANCOIL02/SETPOINT_TRABAJO_LSST;;.;ANALOG OUTPUT;WRITE;22;18/30;°C;EN PROCESO 2 ETAPA;;;
;;PP_selector_LSST;LSST/PISO02/FANCOIL02/COMANDO_ENCENDIDO_LSST;;.;BINARY OUTPUT;WRITE;TRUE (O) FALSE;0/1;-;EN PROCESO 2 ETAPA;;;
;;;;;;;;;;;OK;;;
;;;;;;;;;;;;;;
PISO 2;FANCOIL N°3;HEAT.COOL;LSST/PISO02/FANCOIL03/ESTADO_OPERACION;.;;BINARY OUTPUT;READ ;TRUE (O) FALSE;0/1;-;OK;;;
;;HTG STG 1;LSST/PISO02/FANCOIL03/ESTADO_CALEFACTOR;.;;BINARY OUTPUT;READ ;TRUE (O) FALSE;0/1;-;OK;;;
;;FAN;LSST/PISO02/FANCOIL03/ESTADO_VENTILADOR;.;;BINARY OUTPUT;READ ;TRUE (O) FALSE;0/1;-;OK;;;
;;ROOM TEMP;LSST/PISO02/FANCOIL03/TEMPERATURA_SALA;.;;ANALOG VALUE;READ ;22;20/26;°C;OK;;;
;;VLV POS;LSST/PISO02/FANCOIL03/%_APERTURA_VALVULA_FRIO;.;;ANALOG OUTPUT;READ ;22;0% a 100%;%;OK;;;
;;DAY CLG STPT;LSST/PISO02/FANCOIL03/SETPOINT_COOLING_DAY;.;;ANALOG OUTPUT;READ ;22;18/30;°C;OK;;;
;;DAY HTG STPT;LSST/PISO02/FANCOIL03/SETPOINT_HEATING_DAY;.;;ANALOG OUTPUT;READ ;22;18/30;°C;OK;;;
;;NGT CLG STPT;LSST/PISO02/FANCOIL03/SETPOINT_COOLING_NIGHT;.;;ANALOG OUTPUT;READ ;22;18/30;°C;OK;;;
;;NGT HTG STPT;LSST/PISO02/FANCOIL03/SETPOINT_HEATING_NIGHT;.;;ANALOG OUTPUT;READ ;22;18/30;°C;OK;;;
;;CTL STPT;LSST/PISO02/FANCOIL03/SETPOINT_TRABAJO;.;;ANALOG OUTPUT;READ ;22;18/30;°C;OK;;;
;;PP_selector;LSST/PISO02/FANCOIL03/COMANDO_ENCENDIDO;.;;BINARY OUTPUT;READ ;TRUE (O) FALSE;0/1;-;OK;;;
;;VLV POS_LSST;LSST/PISO02/FANCOIL03/%_APERTURA_VALVULA_FRIO_LSST;;.;ANALOG OUTPUT;WRITE;22;0% a 100%;%;EN PROCESO 2 ETAPA;;;
;;DAY CLG STPT_LSST;LSST/PISO02/FANCOIL03/SETPOINT_COOLING_DAY_LSST;;.;ANALOG OUTPUT;WRITE;22;18/30;°C;EN PROCESO 2 ETAPA;;;
;;DAY HTG STPT_LSST;LSST/PISO02/FANCOIL03/SETPOINT_HEATING_DAY_LSST;;.;ANALOG OUTPUT;WRITE;22;18/30;°C;EN PROCESO 2 ETAPA;;;
;;NGT CLG STPT_LSST;LSST/PISO02/FANCOIL03/SETPOINT_COOLING_NIGHT_LSST;;.;ANALOG OUTPUT;WRITE;22;18/30;°C;EN PROCESO 2 ETAPA;;;
;;NGT HTG STPT_LSST;LSST/PISO02/FANCOIL03/SETPOINT_HEATING_NIGHT_LSST;;.;ANALOG OUTPUT;WRITE;22;18/30;°C;EN PROCESO 2 ETAPA;;;
;;CTL STPT_LSST;LSST/PISO02/FANCOIL03/SETPOINT_TRABAJO_LSST;;.;ANALOG OUTPUT;WRITE;22;18/30;°C;EN PROCESO 2 ETAPA;;;
;;PP_selector_LSST;LSST/PISO02/FANCOIL03/COMANDO_ENCENDIDO_LSST;;.;BINARY OUTPUT;WRITE;TRUE (O) FALSE;0/1;-;EN PROCESO 2 ETAPA;;;
;;;;;;;;;;;;;;
;;;;;;;;;;;;;;
PISO 2;FANCOIL N°4;HEAT.COOL;LSST/PISO02/FANCOIL04/ESTADO_OPERACION;.;;BINARY OUTPUT;READ ;TRUE (O) FALSE;0/1;-;OK;;;
;;HTG STG 1;LSST/PISO02/FANCOIL04/ESTADO_CALEFACTOR;.;;BINARY OUTPUT;READ ;TRUE (O) FALSE;0/1;-;OK;;;
;;FAN;LSST/PISO02/FANCOIL04/ESTADO_VENTILADOR;.;;BINARY OUTPUT;READ ;TRUE (O) FALSE;0/1;-;OK;;;
;;ROOM TEMP;LSST/PISO02/FANCOIL04/TEMPERATURA_SALA;.;;ANALOG VALUE;READ ;22;20/26;°C;OK;;;
;;VLV POS;LSST/PISO02/FANCOIL04/%_APERTURA_VALVULA_FRIO;.;;ANALOG OUTPUT;READ ;22;0% a 100%;%;OK;;;
;;DAY CLG STPT;LSST/PISO02/FANCOIL04/SETPOINT_COOLING_DAY;.;;ANALOG OUTPUT;READ ;22;18/30;°C;OK;;;
;;DAY HTG STPT;LSST/PISO02/FANCOIL04/SETPOINT_HEATING_DAY;.;;ANALOG OUTPUT;READ ;22;18/30;°C;OK;;;
;;NGT CLG STPT;LSST/PISO02/FANCOIL04/SETPOINT_COOLING_NIGHT;.;;ANALOG OUTPUT;READ ;22;18/30;°C;OK;;;
;;NGT HTG STPT;LSST/PISO02/FANCOIL04/SETPOINT_HEATING_NIGHT;.;;ANALOG OUTPUT;READ ;22;18/30;°C;OK;;;
;;CTL STPT;LSST/PISO02/FANCOIL04/SETPOINT_TRABAJO;.;;ANALOG OUTPUT;READ ;22;18/30;°C;OK;;;
;;PP_selector;LSST/PISO02/FANCOIL04/COMANDO_ENCENDIDO;.;;BINARY OUTPUT;READ ;TRUE (O) FALSE;0/1;-;OK;;;
;;VLV POS_LSST;LSST/PISO02/FANCOIL04/%_APERTURA_VALVULA_FRIO_LSST;;.;ANALOG OUTPUT;WRITE;22;0% a 100%;%;EN PROCESO 2 ETAPA;;;
;;DAY CLG STPT_LSST;LSST/PISO02/FANCOIL04/SETPOINT_COOLING_DAY_LSST;;.;ANALOG OUTPUT;WRITE;22;18/30;°C;EN PROCESO 2 ETAPA;;;
;;DAY HTG STPT_LSST;LSST/PISO02/FANCOIL04/SETPOINT_HEATING_DAY_LSST;;.;ANALOG OUTPUT;WRITE;22;18/30;°C;EN PROCESO 2 ETAPA;;;
;;NGT CLG STPT_LSST;LSST/PISO02/FANCOIL04/SETPOINT_COOLING_NIGHT_LSST;;.;ANALOG OUTPUT;WRITE;22;18/30;°C;EN PROCESO 2 ETAPA;;;
;;NGT HTG STPT_LSST;LSST/PISO02/FANCOIL04/SETPOINT_HEATING_NIGHT_LSST;;.;ANALOG OUTPUT;WRITE;22;18/30;°C;EN PROCESO 2 ETAPA;;;
;;CTL STPT_LSST;LSST/PISO02/FANCOIL04/SETPOINT_TRABAJO_LSST;;.;ANALOG OUTPUT;WRITE;22;18/30;°C;EN PROCESO 2 ETAPA;;;
;;PP_selector_LSST;LSST/PISO02/FANCOIL04/COMANDO_ENCENDIDO_LSST;;.;BINARY OUTPUT;WRITE;TRUE (O) FALSE;0/1;-;EN PROCESO 2 ETAPA;;;
;;;;;;;;;;;;;;
;;;;;;;;;;;;;;
PISO 2;FANCOIL N°5;HEAT.COOL;LSST/PISO02/FANCOIL05/ESTADO_OPERACION;.;;BINARY OUTPUT;READ ;TRUE (O) FALSE;0/1;-;OK;;;
;;HTG STG 1;LSST/PISO02/FANCOIL05/ESTADO_CALEFACTOR;.;;BINARY OUTPUT;READ ;TRUE (O) FALSE;0/1;-;OK;;;
;;FAN;LSST/PISO02/FANCOIL05/ESTADO_VENTILADOR;.;;BINARY OUTPUT;READ ;TRUE (O) FALSE;0/1;-;OK;;;
;;ROOM TEMP;LSST/PISO02/FANCOIL05/TEMPERATURA_SALA;.;;ANALOG VALUE;READ ;22;20/26;°C;OK;;;
;;VLV POS;LSST/PISO02/FANCOIL05/%_APERTURA_VALVULA_FRIO;.;;ANALOG OUTPUT;READ ;22;0% a 100%;%;OK;;;
;;DAY CLG STPT;LSST/PISO02/FANCOIL05/SETPOINT_COOLING_DAY;.;;ANALOG OUTPUT;READ ;22;18/30;°C;OK;;;
;;DAY HTG STPT;LSST/PISO02/FANCOIL05/SETPOINT_HEATING_DAY;.;;ANALOG OUTPUT;READ ;22;18/30;°C;OK;;;
;;NGT CLG STPT;LSST/PISO02/FANCOIL05/SETPOINT_COOLING_NIGHT;.;;ANALOG OUTPUT;READ ;22;18/30;°C;OK;;;
;;NGT HTG STPT;LSST/PISO02/FANCOIL05/SETPOINT_HEATING_NIGHT;.;;ANALOG OUTPUT;READ ;22;18/30;°C;OK;;;
;;CTL STPT;LSST/PISO02/FANCOIL05/SETPOINT_TRABAJO;.;;ANALOG OUTPUT;READ ;22;18/30;°C;OK;;;
;;PP_selector;LSST/PISO02/FANCOIL05/COMANDO_ENCENDIDO;.;;BINARY OUTPUT;READ ;TRUE (O) FALSE;0/1;-;OK;;;
;;VLV POS_LSST;LSST/PISO02/FANCOIL05/%_APERTURA_VALVULA_FRIO_LSST;;.;ANALOG OUTPUT;WRITE;22;0% a 100%;%;EN PROCESO 2 ETAPA;;;
;;DAY CLG STPT_LSST;LSST/PISO02/FANCOIL05/SETPOINT_COOLING_DAY_LSST;;.;ANALOG OUTPUT;WRITE;22;18/30;°C;EN PROCESO 2 ETAPA;;;
;;DAY HTG STPT_LSST;LSST/PISO02/FANCOIL05/SETPOINT_HEATING_DAY_LSST;;.;ANALOG OUTPUT;WRITE;22;18/30;°C;EN PROCESO 2 ETAPA;;;
;;NGT CLG STPT_LSST;LSST/PISO02/FANCOIL05/SETPOINT_COOLING_NIGHT_LSST;;.;ANALOG OUTPUT;WRITE;22;18/30;°C;EN PROCESO 2 ETAPA;;;
;;NGT HTG STPT_LSST;LSST/PISO02/FANCOIL05/SETPOINT_HEATING_NIGHT_LSST;;.;ANALOG OUTPUT;WRITE;22;18/30;°C;EN PROCESO 2 ETAPA;;;
;;CTL STPT_LSST;LSST/PISO02/FANCOIL05/SETPOINT_TRABAJO_LSST;;.;ANALOG OUTPUT;WRITE;22;18/30;°C;EN PROCESO 2 ETAPA;;;
;;PP_selector_LSST;LSST/PISO02/FANCOIL05/COMANDO_ENCENDIDO_LSST;;.;BINARY OUTPUT;WRITE;TRUE (O) FALSE;0/1;-;EN PROCESO 2 ETAPA;;;
;;;;;;;;;;;;;;
;;;;;;;;;;;;;;
PISO 2;FANCOIL N°6;HEAT.COOL;LSST/PISO02/FANCOIL06/ESTADO_OPERACION;.;;BINARY OUTPUT;READ ;TRUE (O) FALSE;0/1;-;OK;;;
;;HTG STG 1;LSST/PISO02/FANCOIL06/ESTADO_CALEFACTOR;.;;BINARY OUTPUT;READ ;TRUE (O) FALSE;0/1;-;OK;;;
;;FAN;LSST/PISO02/FANCOIL06/ESTADO_VENTILADOR;.;;BINARY OUTPUT;READ ;TRUE (O) FALSE;0/1;-;OK;;;
;;ROOM TEMP;LSST/PISO02/FANCOIL06/TEMPERATURA_SALA;.;;ANALOG VALUE;READ ;22;20/26;°C;OK;;;
;;VLV POS;LSST/PISO02/FANCOIL06/%_APERTURA_VALVULA_FRIO;.;;ANALOG OUTPUT;READ ;22;0% a 100%;%;OK;;;
;;DAY CLG STPT;LSST/PISO02/FANCOIL06/SETPOINT_COOLING_DAY;.;;ANALOG OUTPUT;READ ;22;18/30;°C;OK;;;
;;DAY HTG STPT;LSST/PISO02/FANCOIL06/SETPOINT_HEATING_DAY;.;;ANALOG OUTPUT;READ ;22;18/30;°C;OK;;;
;;NGT CLG STPT;LSST/PISO02/FANCOIL06/SETPOINT_COOLING_NIGHT;.;;ANALOG OUTPUT;READ ;22;18/30;°C;OK;;;
;;NGT HTG STPT;LSST/PISO02/FANCOIL06/SETPOINT_HEATING_NIGHT;.;;ANALOG OUTPUT;READ ;22;18/30;°C;OK;;;
;;CTL STPT;LSST/PISO02/FANCOIL06/SETPOINT_TRABAJO;.;;ANALOG OUTPUT;READ ;22;18/30;°C;OK;;;
;;PP_selector;LSST/PISO02/FANCOIL06/COMANDO_ENCENDIDO;.;;BINARY OUTPUT;READ ;TRUE (O) FALSE;0/1;-;OK;;;
;;VLV POS_LSST;LSST/PISO02/FANCOIL06/%_APERTURA_VALVULA_FRIO_LSST;;.;ANALOG OUTPUT;WRITE;22;0% a 100%;%;EN PROCESO 2 ETAPA;;;
;;DAY CLG STPT_LSST;LSST/PISO02/FANCOIL06/SETPOINT_COOLING_DAY_LSST;;.;ANALOG OUTPUT;WRITE;22;18/30;°C;EN PROCESO 2 ETAPA;;;
;;DAY HTG STPT_LSST;LSST/PISO02/FANCOIL06/SETPOINT_HEATING_DAY_LSST;;.;ANALOG OUTPUT;WRITE;22;18/30;°C;EN PROCESO 2 ETAPA;;;
;;NGT CLG STPT_LSST;LSST/PISO02/FANCOIL06/SETPOINT_COOLING_NIGHT_LSST;;.;ANALOG OUTPUT;WRITE;22;18/30;°C;EN PROCESO 2 ETAPA;;;
;;NGT HTG STPT_LSST;LSST/PISO02/FANCOIL06/SETPOINT_HEATING_NIGHT_LSST;;.;ANALOG OUTPUT;WRITE;22;18/30;°C;EN PROCESO 2 ETAPA;;;
;;CTL STPT_LSST;LSST/PISO02/FANCOIL06/SETPOINT_TRABAJO_LSST;;.;ANALOG OUTPUT;WRITE;22;18/30;°C;EN PROCESO 2 ETAPA;;;
;;PP_selector_LSST;LSST/PISO02/FANCOIL06/COMANDO_ENCENDIDO_LSST;;.;BINARY OUTPUT;WRITE;TRUE (O) FALSE;0/1;-;EN PROCESO 2 ETAPA;;;
;;;;;;;;;;;;;;
;;;;;;;;;;;;;;
PISO 2;FANCOIL N°7;HEAT.COOL;LSST/PISO02/FANCOIL07/ESTADO_OPERACION;.;;BINARY OUTPUT;READ ;TRUE (O) FALSE;0/1;-;OK;;;
;;HTG STG 1;LSST/PISO02/FANCOIL07/ESTADO_CALEFACTOR;.;;BINARY OUTPUT;READ ;TRUE (O) FALSE;0/1;-;OK;;;
;;FAN;LSST/PISO02/FANCOIL07/ESTADO_VENTILADOR;.;;BINARY OUTPUT;READ ;TRUE (O) FALSE;0/1;-;OK;;;
;;ROOM TEMP;LSST/PISO02/FANCOIL07/TEMPERATURA_SALA;.;;ANALOG VALUE;READ ;22;20/26;°C;OK;;;
;;VLV POS;LSST/PISO02/FANCOIL07/%_APERTURA_VALVULA_FRIO;.;;ANALOG OUTPUT;READ ;22;0% a 100%;%;OK;;;
;;DAY CLG STPT;LSST/PISO02/FANCOIL07/SETPOINT_COOLING_DAY;.;;ANALOG OUTPUT;READ ;22;18/30;°C;OK;;;
;;DAY HTG STPT;LSST/PISO02/FANCOIL07/SETPOINT_HEATING_DAY;.;;ANALOG OUTPUT;READ ;22;18/30;°C;OK;;;
;;NGT CLG STPT;LSST/PISO02/FANCOIL07/SETPOINT_COOLING_NIGHT;.;;ANALOG OUTPUT;READ ;22;18/30;°C;OK;;;
;;NGT HTG STPT;LSST/PISO02/FANCOIL07/SETPOINT_HEATING_NIGHT;.;;ANALOG OUTPUT;READ ;22;18/30;°C;OK;;;
;;CTL STPT;LSST/PISO02/FANCOIL07/SETPOINT_TRABAJO;.;;ANALOG OUTPUT;READ ;22;18/30;°C;OK;;;
;;PP_selector;LSST/PISO02/FANCOIL07/COMANDO_ENCENDIDO;.;;BINARY OUTPUT;READ ;TRUE (O) FALSE;0/1;-;OK;;;
;;VLV POS_LSST;LSST/PISO02/FANCOIL07/%_APERTURA_VALVULA_FRIO_LSST;;.;ANALOG OUTPUT;WRITE;22;0% a 100%;%;EN PROCESO 2 ETAPA;;;
;;DAY CLG STPT_LSST;LSST/PISO02/FANCOIL07/SETPOINT_COOLING_DAY_LSST;;.;ANALOG OUTPUT;WRITE;22;18/30;°C;EN PROCESO 2 ETAPA;;;
;;DAY HTG STPT_LSST;LSST/PISO02/FANCOIL07/SETPOINT_HEATING_DAY_LSST;;.;ANALOG OUTPUT;WRITE;22;18/30;°C;EN PROCESO 2 ETAPA;;;
;;NGT CLG STPT_LSST;LSST/PISO02/FANCOIL07/SETPOINT_COOLING_NIGHT_LSST;;.;ANALOG OUTPUT;WRITE;22;18/30;°C;EN PROCESO 2 ETAPA;;;
;;NGT HTG STPT_LSST;LSST/PISO02/FANCOIL07/SETPOINT_HEATING_NIGHT_LSST;;.;ANALOG OUTPUT;WRITE;22;18/30;°C;EN PROCESO 2 ETAPA;;;
;;CTL STPT_LSST;LSST/PISO02/FANCOIL07/SETPOINT_TRABAJO_LSST;;.;ANALOG OUTPUT;WRITE;22;18/30;°C;EN PROCESO 2 ETAPA;;;
;;PP_selector_LSST;LSST/PISO02/FANCOIL07/COMANDO_ENCENDIDO_LSST;;.;BINARY OUTPUT;WRITE;TRUE (O) FALSE;0/1;-;EN PROCESO 2 ETAPA;;;
;;;;;;;;;;;;;;
;;;;;;;;;;;;;;
PISO 2;FANCOIL N°8;HEAT.COOL;LSST/PISO02/FANCOIL08/ESTADO_OPERACION;.;;BINARY OUTPUT;READ ;TRUE (O) FALSE;0/1;-;OK;;;
;;HTG STG 1;LSST/PISO02/FANCOIL08/ESTADO_CALEFACTOR;.;;BINARY OUTPUT;READ ;TRUE (O) FALSE;0/1;-;OK;;;
;;FAN;LSST/PISO02/FANCOIL08/ESTADO_VENTILADOR;.;;BINARY OUTPUT;READ ;TRUE (O) FALSE;0/1;-;OK;;;
;;ROOM TEMP;LSST/PISO02/FANCOIL08/TEMPERATURA_SALA;.;;ANALOG VALUE;READ ;22;20/26;°C;OK;;;
;;VLV POS;LSST/PISO02/FANCOIL08/%_APERTURA_VALVULA_FRIO;.;;ANALOG OUTPUT;READ ;22;0% a 100%;%;OK;;;
;;DAY CLG STPT;LSST/PISO02/FANCOIL08/SETPOINT_COOLING_DAY;.;;ANALOG OUTPUT;READ ;22;18/30;°C;OK;;;
;;DAY HTG STPT;LSST/PISO02/FANCOIL08/SETPOINT_HEATING_DAY;.;;ANALOG OUTPUT;READ ;22;18/30;°C;OK;;;
;;NGT CLG STPT;LSST/PISO02/FANCOIL08/SETPOINT_COOLING_NIGHT;.;;ANALOG OUTPUT;READ ;22;18/30;°C;OK;;;
;;NGT HTG STPT;LSST/PISO02/FANCOIL08/SETPOINT_HEATING_NIGHT;.;;ANALOG OUTPUT;READ ;22;18/30;°C;OK;;;
;;CTL STPT;LSST/PISO02/FANCOIL08/SETPOINT_TRABAJO;.;;ANALOG OUTPUT;READ ;22;18/30;°C;OK;;;
;;PP_selector;LSST/PISO02/FANCOIL08/COMANDO_ENCENDIDO;.;;BINARY OUTPUT;READ ;TRUE (O) FALSE;0/1;-;OK;;;
;;VLV POS_LSST;LSST/PISO02/FANCOIL08/%_APERTURA_VALVULA_FRIO_LSST;;.;ANALOG OUTPUT;WRITE;22;0% a 100%;%;EN PROCESO 2 ETAPA;;;
;;DAY CLG STPT_LSST;LSST/PISO02/FANCOIL08/SETPOINT_COOLING_DAY_LSST;;.;ANALOG OUTPUT;WRITE;22;18/30;°C;EN PROCESO 2 ETAPA;;;
;;DAY HTG STPT_LSST;LSST/PISO02/FANCOIL08/SETPOINT_HEATING_DAY_LSST;;.;ANALOG OUTPUT;WRITE;22;18/30;°C;EN PROCESO 2 ETAPA;;;
;;NGT CLG STPT_LSST;LSST/PISO02/FANCOIL08/SETPOINT_COOLING_NIGHT_LSST;;.;ANALOG OUTPUT;WRITE;22;18/30;°C;EN PROCESO 2 ETAPA;;;
;;NGT HTG STPT_LSST;LSST/PISO02/FANCOIL08/SETPOINT_HEATING_NIGHT_LSST;;.;ANALOG OUTPUT;WRITE;22;18/30;°C;EN PROCESO 2 ETAPA;;;
;;CTL STPT_LSST;LSST/PISO02/FANCOIL08/SETPOINT_TRABAJO_LSST;;.;ANALOG OUTPUT;WRITE;22;18/30;°C;EN PROCESO 2 ETAPA;;;
;;PP_selector_LSST;LSST/PISO02/FANCOIL08/COMANDO_ENCENDIDO_LSST;;.;BINARY OUTPUT;WRITE;TRUE (O) FALSE;0/1;-;EN PROCESO 2 ETAPA;;;
;;;;;;;;;;;;;;
;;;;;;;;;;;;;;
PISO 2;FANCOIL N°9;HEAT.COOL;LSST/PISO02/FANCOIL09/ESTADO_OPERACION;.;;BINARY OUTPUT;READ ;TRUE (O) FALSE;0/1;-;OK;;;
;;HTG STG 1;LSST/PISO02/FANCOIL09/ESTADO_CALEFACTOR;.;;BINARY OUTPUT;READ ;TRUE (O) FALSE;0/1;-;OK;;;
;;FAN;LSST/PISO02/FANCOIL09/ESTADO_VENTILADOR;.;;BINARY OUTPUT;READ ;TRUE (O) FALSE;0/1;-;OK;;;
;;ROOM TEMP;LSST/PISO02/FANCOIL09/TEMPERATURA_SALA;.;;ANALOG VALUE;READ ;22;20/26;°C;OK;;;
;;VLV POS;LSST/PISO02/FANCOIL09/%_APERTURA_VALVULA_FRIO;.;;ANALOG OUTPUT;READ ;22;0% a 100%;%;OK;;;
;;DAY CLG STPT;LSST/PISO02/FANCOIL09/SETPOINT_COOLING_DAY;.;;ANALOG OUTPUT;READ ;22;18/30;°C;OK;;;
;;DAY HTG STPT;LSST/PISO02/FANCOIL09/SETPOINT_HEATING_DAY;.;;ANALOG OUTPUT;READ ;22;18/30;°C;OK;;;
;;NGT CLG STPT;LSST/PISO02/FANCOIL09/SETPOINT_COOLING_NIGHT;.;;ANALOG OUTPUT;READ ;22;18/30;°C;OK;;;
;;NGT HTG STPT;LSST/PISO02/FANCOIL09/SETPOINT_HEATING_NIGHT;.;;ANALOG OUTPUT;READ ;22;18/30;°C;OK;;;
;;CTL STPT;LSST/PISO02/FANCOIL09/SETPOINT_TRABAJO;.;;ANALOG OUTPUT;READ ;22;18/30;°C;OK;;;
;;PP_selector;LSST/PISO02/FANCOIL09/COMANDO_ENCENDIDO;.;;BINARY OUTPUT;READ ;TRUE (O) FALSE;0/1;-;OK;;;
;;VLV POS_LSST;LSST/PISO02/FANCOIL09/%_APERTURA_VALVULA_FRIO_LSST;;.;ANALOG OUTPUT;WRITE;22;0% a 100%;%;EN PROCESO 2 ETAPA;;;
;;DAY CLG STPT_LSST;LSST/PISO02/FANCOIL09/SETPOINT_COOLING_DAY_LSST;;.;ANALOG OUTPUT;WRITE;22;18/30;°C;EN PROCESO 2 ETAPA;;;
;;DAY HTG STPT_LSST;LSST/PISO02/FANCOIL09/SETPOINT_HEATING_DAY_LSST;;.;ANALOG OUTPUT;WRITE;22;18/30;°C;EN PROCESO 2 ETAPA;;;
;;NGT CLG STPT_LSST;LSST/PISO02/FANCOIL09/SETPOINT_COOLING_NIGHT_LSST;;.;ANALOG OUTPUT;WRITE;22;18/30;°C;EN PROCESO 2 ETAPA;;;
;;NGT HTG STPT_LSST;LSST/PISO02/FANCOIL09/SETPOINT_HEATING_NIGHT_LSST;;.;ANALOG OUTPUT;WRITE;22;18/30;°C;EN PROCESO 2 ETAPA;;;
;;CTL STPT_LSST;LSST/PISO02/FANCOIL09/SETPOINT_TRABAJO_LSST;;.;ANALOG OUTPUT;WRITE;22;18/30;°C;EN PROCESO 2 ETAPA;;;
;;PP_selector_LSST;LSST/PISO02/FANCOIL09/COMANDO_ENCENDIDO_LSST;;.;BINARY OUTPUT;WRITE;TRUE (O) FALSE;0/1;-;EN PROCESO 2 ETAPA;;;
;;;;;;;;;;;;;;
;;;;;;;;;;;;;;
PISO 2;FANCOIL N°10;HEAT.COOL;LSST/PISO02/FANCOIL10/ESTADO_OPERACION;.;;BINARY OUTPUT;READ ;TRUE (O) FALSE;0/1;-;OK;;;
;;HTG STG 1;LSST/PISO02/FANCOIL10/ESTADO_CALEFACTOR;.;;BINARY OUTPUT;READ ;TRUE (O) FALSE;0/1;-;OK;;;
;;FAN;LSST/PISO02/FANCOIL10/ESTADO_VENTILADOR;.;;BINARY OUTPUT;READ ;TRUE (O) FALSE;0/1;-;OK;;;
;;ROOM TEMP;LSST/PISO02/FANCOIL10/TEMPERATURA_SALA;.;;ANALOG VALUE;READ ;22;20/26;°C;OK;;;
;;VLV POS;LSST/PISO02/FANCOIL10/%_APERTURA_VALVULA_FRIO;.;;ANALOG OUTPUT;READ ;22;0% a 100%;%;OK;;;
;;DAY CLG STPT;LSST/PISO02/FANCOIL10/SETPOINT_COOLING_DAY;.;;ANALOG OUTPUT;READ ;22;18/30;°C;OK;;;
;;DAY HTG STPT;LSST/PISO02/FANCOIL10/SETPOINT_HEATING_DAY;.;;ANALOG OUTPUT;READ ;22;18/30;°C;OK;;;
;;NGT CLG STPT;LSST/PISO02/FANCOIL10/SETPOINT_COOLING_NIGHT;.;;ANALOG OUTPUT;READ ;22;18/30;°C;OK;;;
;;NGT HTG STPT;LSST/PISO02/FANCOIL10/SETPOINT_HEATING_NIGHT;.;;ANALOG OUTPUT;READ ;22;18/30;°C;OK;;;
;;CTL STPT;LSST/PISO02/FANCOIL10/SETPOINT_TRABAJO;.;;ANALOG OUTPUT;READ ;22;18/30;°C;OK;;;
;;PP_selector;LSST/PISO02/FANCOIL10/COMANDO_ENCENDIDO;.;;BINARY OUTPUT;READ ;TRUE (O) FALSE;0/1;-;OK;;;
;;VLV POS_LSST;LSST/PISO02/FANCOIL10/%_APERTURA_VALVULA_FRIO_LSST;;.;ANALOG OUTPUT;WRITE;22;0% a 100%;%;EN PROCESO 2 ETAPA;;;
;;DAY CLG STPT_LSST;LSST/PISO02/FANCOIL10/SETPOINT_COOLING_DAY_LSST;;.;ANALOG OUTPUT;WRITE;22;18/30;°C;EN PROCESO 2 ETAPA;;;
;;DAY HTG STPT_LSST;LSST/PISO02/FANCOIL10/SETPOINT_HEATING_DAY_LSST;;.;ANALOG OUTPUT;WRITE;22;18/30;°C;EN PROCESO 2 ETAPA;;;
;;NGT CLG STPT_LSST;LSST/PISO02/FANCOIL10/SETPOINT_COOLING_NIGHT_LSST;;.;ANALOG OUTPUT;WRITE;22;18/30;°C;EN PROCESO 2 ETAPA;;;
;;NGT HTG STPT_LSST;LSST/PISO02/FANCOIL10/SETPOINT_HEATING_NIGHT_LSST;;.;ANALOG OUTPUT;WRITE;22;18/30;°C;EN PROCESO 2 ETAPA;;;
;;CTL STPT_LSST;LSST/PISO02/FANCOIL10/SETPOINT_TRABAJO_LSST;;.;ANALOG OUTPUT;WRITE;22;18/30;°C;EN PROCESO 2 ETAPA;;;
;;PP_selector_LSST;LSST/PISO02/FANCOIL10/COMANDO_ENCENDIDO_LSST;;.;BINARY OUTPUT;WRITE;TRUE (O) FALSE;0/1;-;EN PROCESO 2 ETAPA;;;
;;;;;;;;;;;;;;
;;;;;;;;;;;;;;
PISO 2;FANCOIL N°11;HEAT.COOL;LSST/PISO02/FANCOIL11/ESTADO_OPERACION;.;;BINARY OUTPUT;READ ;TRUE (O) FALSE;0/1;-;OK;;;
;;HTG STG 1;LSST/PISO02/FANCOIL11/ESTADO_CALEFACTOR;.;;BINARY OUTPUT;READ ;TRUE (O) FALSE;0/1;-;OK;;;
;;FAN;LSST/PISO02/FANCOIL11/ESTADO_VENTILADOR;.;;BINARY OUTPUT;READ ;TRUE (O) FALSE;0/1;-;OK;;;
;;ROOM TEMP;LSST/PISO02/FANCOIL11/TEMPERATURA_SALA;.;;ANALOG VALUE;READ ;22;20/26;°C;OK;;;
;;VLV POS;LSST/PISO02/FANCOIL11/%_APERTURA_VALVULA_FRIO;.;;ANALOG OUTPUT;READ ;22;0% a 100%;%;OK;;;
;;DAY CLG STPT;LSST/PISO02/FANCOIL11/SETPOINT_COOLING_DAY;.;;ANALOG OUTPUT;READ ;22;18/30;°C;OK;;;
;;DAY HTG STPT;LSST/PISO02/FANCOIL11/SETPOINT_HEATING_DAY;.;;ANALOG OUTPUT;READ ;22;18/30;°C;OK;;;
;;NGT CLG STPT;LSST/PISO02/FANCOIL11/SETPOINT_COOLING_NIGHT;.;;ANALOG OUTPUT;READ ;22;18/30;°C;OK;;;
;;NGT HTG STPT;LSST/PISO02/FANCOIL11/SETPOINT_HEATING_NIGHT;.;;ANALOG OUTPUT;READ ;22;18/30;°C;OK;;;
;;CTL STPT;LSST/PISO02/FANCOIL11/SETPOINT_TRABAJO;.;;ANALOG OUTPUT;READ ;22;18/30;°C;OK;;;
;;PP_selector;LSST/PISO02/FANCOIL11/COMANDO_ENCENDIDO;.;;BINARY OUTPUT;READ ;TRUE (O) FALSE;0/1;-;OK;;;
;;VLV POS_LSST;LSST/PISO02/FANCOIL11/%_APERTURA_VALVULA_FRIO_LSST;;.;ANALOG OUTPUT;WRITE;22;0% a 100%;%;EN PROCESO 2 ETAPA;;;
;;DAY CLG STPT_LSST;LSST/PISO02/FANCOIL11/SETPOINT_COOLING_DAY_LSST;;.;ANALOG OUTPUT;WRITE;22;18/30;°C;EN PROCESO 2 ETAPA;;;
;;DAY HTG STPT_LSST;LSST/PISO02/FANCOIL11/SETPOINT_HEATING_DAY_LSST;;.;ANALOG OUTPUT;WRITE;22;18/30;°C;EN PROCESO 2 ETAPA;;;
;;NGT CLG STPT_LSST;LSST/PISO02/FANCOIL11/SETPOINT_COOLING_NIGHT_LSST;;.;ANALOG OUTPUT;WRITE;22;18/30;°C;EN PROCESO 2 ETAPA;;;
;;NGT HTG STPT_LSST;LSST/PISO02/FANCOIL11/SETPOINT_HEATING_NIGHT_LSST;;.;ANALOG OUTPUT;WRITE;22;18/30;°C;EN PROCESO 2 ETAPA;;;
;;CTL STPT_LSST;LSST/PISO02/FANCOIL11/SETPOINT_TRABAJO_LSST;;.;ANALOG OUTPUT;WRITE;22;18/30;°C;EN PROCESO 2 ETAPA;;;
;;PP_selector_LSST;LSST/PISO02/FANCOIL11/COMANDO_ENCENDIDO_LSST;;.;BINARY OUTPUT;WRITE;TRUE (O) FALSE;0/1;-;EN PROCESO 2 ETAPA;;;
;;;;;;;;;;;;;;
;;;;;;;;;;;;;;
PISO 2;FANCOIL N°12;HEAT.COOL;LSST/PISO02/FANCOIL12/ESTADO_OPERACION;.;;BINARY OUTPUT;READ ;TRUE (O) FALSE;0/1;-;OK;;;
;;HTG STG 1;LSST/PISO02/FANCOIL12/ESTADO_CALEFACTOR;.;;BINARY OUTPUT;READ ;TRUE (O) FALSE;0/1;-;OK;;;
;;FAN;LSST/PISO02/FANCOIL12/ESTADO_VENTILADOR;.;;BINARY OUTPUT;READ ;TRUE (O) FALSE;0/1;-;OK;;;
;;ROOM TEMP;LSST/PISO02/FANCOIL12/TEMPERATURA_SALA;.;;ANALOG VALUE;READ ;22;20/26;°C;OK;;;
;;VLV POS;LSST/PISO02/FANCOIL12/%_APERTURA_VALVULA_FRIO;.;;ANALOG OUTPUT;READ ;22;0% a 100%;%;OK;;;
;;DAY CLG STPT;LSST/PISO02/FANCOIL12/SETPOINT_COOLING_DAY;.;;ANALOG OUTPUT;READ ;22;18/30;°C;OK;;;
;;DAY HTG STPT;LSST/PISO02/FANCOIL12/SETPOINT_HEATING_DAY;.;;ANALOG OUTPUT;READ ;22;18/30;°C;OK;;;
;;NGT CLG STPT;LSST/PISO02/FANCOIL12/SETPOINT_COOLING_NIGHT;.;;ANALOG OUTPUT;READ ;22;18/30;°C;OK;;;
;;NGT HTG STPT;LSST/PISO02/FANCOIL12/SETPOINT_HEATING_NIGHT;.;;ANALOG OUTPUT;READ ;22;18/30;°C;OK;;;
;;CTL STPT;LSST/PISO02/FANCOIL12/SETPOINT_TRABAJO;.;;ANALOG OUTPUT;READ ;22;18/30;°C;OK;;;
;;PP_selector;LSST/PISO02/FANCOIL12/COMANDO_ENCENDIDO;.;;BINARY OUTPUT;READ ;TRUE (O) FALSE;0/1;-;OK;;;
;;VLV POS_LSST;LSST/PISO02/FANCOIL12/%_APERTURA_VALVULA_FRIO_LSST;;.;ANALOG OUTPUT;WRITE;22;0% a 100%;%;EN PROCESO 2 ETAPA;;;
;;DAY CLG STPT_LSST;LSST/PISO02/FANCOIL12/SETPOINT_COOLING_DAY_LSST;;.;ANALOG OUTPUT;WRITE;22;18/30;°C;EN PROCESO 2 ETAPA;;;
;;DAY HTG STPT_LSST;LSST/PISO02/FANCOIL12/SETPOINT_HEATING_DAY_LSST;;.;ANALOG OUTPUT;WRITE;22;18/30;°C;EN PROCESO 2 ETAPA;;;
;;NGT CLG STPT_LSST;LSST/PISO02/FANCOIL12/SETPOINT_COOLING_NIGHT_LSST;;.;ANALOG OUTPUT;WRITE;22;18/30;°C;EN PROCESO 2 ETAPA;;;
;;NGT HTG STPT_LSST;LSST/PISO02/FANCOIL12/SETPOINT_HEATING_NIGHT_LSST;;.;ANALOG OUTPUT;WRITE;22;18/30;°C;EN PROCESO 2 ETAPA;;;
;;CTL STPT_LSST;LSST/PISO02/FANCOIL12/SETPOINT_TRABAJO_LSST;;.;ANALOG OUTPUT;WRITE;22;18/30;°C;EN PROCESO 2 ETAPA;;;
;;PP_selector_LSST;LSST/PISO02/FANCOIL12/COMANDO_ENCENDIDO_LSST;;.;BINARY OUTPUT;WRITE;TRUE (O) FALSE;0/1;-;EN PROCESO 2 ETAPA;;;
;;;;;;;;;;;;;;
;;;;;;;;;;;;;;
DIRECCIONAMIENTO MQTT OBSERVATORIO AURA LSST 2020;;;;;;;;;;;;;;
;;;;;;;;;;;;;;
PISO;TABLERO;VARIABLE INTERNA SISTEMA;TOPIC MQTT;PUBLICACION;SUSCRIPCION;SEÑAL;READ / WRITE;SIGNAL RANGE ;LIMITES;UNIT;ESTADO ACTUAL;OBSERVACIONES (0) CORRECIONES;;
PISO 4;MANEJADORA SALA BLANCA;CONSIGNA;LSST/PISO04/MANEJADORA/GENERAL/SBLANCA/VALOR_CONSIGNA;.;;ANALOG VALUE;READ ;22;18/25;°C;OK;;;
;;ROOM TEMP;LSST/PISO04/MANEJADORA/GENERAL/SBLANCA/ESTADO_TEMPERATURA_AMBIENTE;.;;ANALOG VALUE;READ ;22;18/24;°C;OK;;;
;;TEMP_EXTERNA;LSST/PISO04/MANEJADORA/GENERAL/SBLANCA/ESTADO_TEMPERATURA_EXTERIOR;.;;ANALOG VALUE;READ ;22;-4/24;°C;OK;;;
;;TEMP_ANTIFREEZE;LSST/PISO04/MANEJADORA/GENERAL/SBLANCA/ESTADO_TEMPERATURA_ANTICONGELANTE;.;;ANALOG VALUE;READ ;22;-14/0;°C;OK;;;
;;SET_POINT_TRABAJO;LSST/PISO04/MANEJADORA/GENERAL/SBLANCA/SETPOINT_TRABAJO;.;;ANALOG VALUE;READ ;22;18/25;°C;OK;;;
;;TEMP_IMPULSION;LSST/PISO04/MANEJADORA/GENERAL/SBLANCA/TEMPERATURA_INYECCION;.;;ANALOG VALUE;READ ;22;10/35;°C;OK;;;
;;TEMP_RECUPERACION;LSST/PISO04/MANEJADORA/GENERAL/SBLANCA/TEMPERATURA_RETORNO;.;;ANALOG VALUE;READ ;22;18/25;°C;OK;;;
;;MED_CAUDAL;LSST/PISO04/MANEJADORA/GENERAL/SBLANCA/CAUDAL_VENTILADOR_IMPULSION;.;;ANALOG VALUE;READ ;22;0% a 20%;%;OK;;;
;;SET_POINT_VENTILADOR_MINIMO;LSST/PISO04/MANEJADORA/GENERAL/SBLANCA/SETPOINT_VENTILADOR_MIN;.;;ANALOG VALUE;READ ;22;20% a 100%;%;OK;;;
;;SET_POINT_VENTILADOR_MAXIMO;LSST/PISO04/MANEJADORA/GENERAL/SBLANCA/SETPOINT_VENTILADOR_MAX;.;;ANALOG VALUE;READ ;22;0% a 100%;%;OK;;;
;;ESTADO_VALVULA;LSST/PISO04/MANEJADORA/GENERAL/SBLANCA/ESTADO_VALVULA;.;;ANALOG VALUE;READ ;22;0% a 100%;%;OK;;;
;;ESTADO_FUN;LSST/PISO04/MANEJADORA/GENERAL/SBLANCA/ESTADO_FUNCIONAMIENTO;.;;BINARY VALUE;READ ;TRUE (O) FALSE;0/1;-;OK;;;
;;SERIUS_ALARMA;LSST/PISO04/MANEJADORA/GENERAL/SBLANCA/ALARMA_GENERAL;.;;BINARY VALUE;READ ;TRUE (O) FALSE;0/1;-;OK;;;
;;ALARMA_FILTRO;LSST/PISO04/MANEJADORA/GENERAL/SBLANCA/ALARMA_FILTRO;.;;BINARY VALUE;READ ;TRUE (O) FALSE;0/1;-;OK;;;
;;RESET_ALARMA;LSST/PISO04/MANEJADORA/GENERAL/SBLANCA/RESET_ALARMA;.;;BINARY VALUE;READ ;TRUE (O) FALSE;0/1;-;OK;;;
;;CALECFACCION_ETAPA_01;LSST/PISO04/MANEJADORA/GENERAL/SBLANCA/CALEFACCION_ETAPA_01;.;;BINARY VALUE;READ ;TRUE (O) FALSE;0/1;-;OK;;;
;;CALECFACCION_ETAPA_02;LSST/PISO04/MANEJADORA/GENERAL/SBLANCA/CALEFACCION_ETAPA_02;.;;BINARY VALUE;READ ;TRUE (O) FALSE;0/1;-;OK;;;
;;ESTADO DAMPER;LSST/PISO04/MANEJADORA/GENERAL/SBLANCA/ESTADO_DAMPER;.;;BINARY VALUE;READ ;TRUE (O) FALSE;0/1;-;OK;;;
;;PP_UMA_06;LSST/PISO04/MANEJADORA/GENERAL/SBLANCA/COMANDO_ENCENDIDO;,;;BINARY OUTPUT;READ ;TRUE (O) FALSE;0/1;-;OK;;;
;;CONSIGNA_LSST;LSST/PISO04/MANEJADORA/GENERAL/SBLANCA/VALOR_CONSIGNA_LSST;;.;ANALOG OUTPUT;WRITE;22;18/25;°C;EN PROCESO 2 ETAPA;;;
;;SET_POINT_VENTILADOR_MINIMO_LSST;LSST/PISO04/MANEJADORA/GENERAL/SBLANCA/SETPOINT_VENTILADOR_MIN_LSST;;.;ANALOG OUTPUT;WRITE;22;20% a 100%;%;EN PROCESO 2 ETAPA;;;
;;SET_POINT_VENT_MAXIMO_LSST;LSST/PISO04/MANEJADORA/GENERAL/SBLANCA/SETPOINT_VENTILADOR_MAX_LSST;;.;ANALOG OUTPUT;WRITE;22;0% a 100%;%;EN PROCESO 2 ETAPA;;;
;;PP_UMA_06_LSST;LSST/PISO04/MANEJADORA/GENERAL/SBLANCA/COMANDO_ENCENDIDO_LSST;;.;BINARY OUTPUT;WRITE;TRUE (O) FALSE;0/1;-;EN PROCESO 2 ETAPA;;;
;;;;;;;;;;;;;;
;;;;;;;;;;;;;;
PISO 4;MANEJADORA SALA LIMPIA;CONSIGNA;LSST/PISO04/MANEJADORA/GENERAL/SLIMPIA/VALOR_CONSIGNA;.;;ANALOG VALUE;READ ;22;18/25;°C;OK;;;
;;ROOM TEMP;LSST/PISO04/MANEJADORA/GENERAL/SLIMPIA/ESTADO_TEMPERATURA_AMBIENTE;.;;ANALOG VALUE;READ ;22;18/24;°C;OK;;;
;;TEMP_EXTERNA;LSST/PISO04/MANEJADORA/GENERAL/SLIMPIA/ESTADO_TEMPERATURA_EXTERIOR;.;;ANALOG VALUE;READ ;22;-4/24;°C;OK;;;
;;TEMP_ANTIFREEZE;LSST/PISO04/MANEJADORA/GENERAL/SLIMPIA/ESTADO_TEMPERATURA_ANTICONGELANTE;.;;ANALOG VALUE;READ ;22;-14/0;°C;OK;;;
;;SET_POINT_TRABAJO;LSST/PISO04/MANEJADORA/GENERAL/SLIMPIA/SETPOINT_TRABAJO;.;;ANALOG VALUE;READ ;22;18/25;°C;OK;;;
;;TEMP_IMPULSION;LSST/PISO04/MANEJADORA/GENERAL/SLIMPIA/TEMPERATURA_INYECCION;.;;ANALOG VALUE;READ ;22;10/35;°C;OK;;;
;;TEMP_RECUPERACION;LSST/PISO04/MANEJADORA/GENERAL/SLIMPIA/TEMPERATURA_RETORNO;.;;ANALOG VALUE;READ ;22;18/25;°C;OK;;;
;;MED_CAUDAL;LSST/PISO04/MANEJADORA/GENERAL/SLIMPIA/CAUDAL_VENTILADOR_IMPULSION;.;;ANALOG VALUE;READ ;22;0% a 20%;%;OK;;;
;;SET_POINT_VENTILADOR_MINIMO;LSST/PISO04/MANEJADORA/GENERAL/SLIMPIA/SETPOINT_VENTILADOR_MIN;.;;ANALOG VALUE;READ ;22;20% a 100%;%;OK;;;
;;SET_POINT_VENTILADOR_MAXIMO;LSST/PISO04/MANEJADORA/GENERAL/SLIMPIA/SETPOINT_VENTILADOR_MAX;.;;ANALOG VALUE;READ ;22;0% a 100%;%;OK;;;
;;ESTADO_VALVULA;LSST/PISO04/MANEJADORA/GENERAL/SLIMPIA/ESTADO_VALVULA;.;;ANALOG VALUE;READ ;22;0% a 100%;%;OK;;;
;;ESTADO_FUN;LSST/PISO04/MANEJADORA/GENERAL/SLIMPIA/ESTADO_FUNCIONAMIENTO;.;;BINARY VALUE;READ ;TRUE (O) FALSE;0/1;-;OK;;;
;;SERIUS_ALARMA;LSST/PISO04/MANEJADORA/GENERAL/SLIMPIA/ALARMA_GENERAL;.;;BINARY VALUE;READ ;TRUE (O) FALSE;0/1;-;OK;;;
;;ALARMA_FILTRO;LSST/PISO04/MANEJADORA/GENERAL/SLIMPIA/ALARMA_FILTRO;.;;BINARY VALUE;READ ;TRUE (O) FALSE;0/1;-;OK;;;
;;RESET_ALARMA;LSST/PISO04/MANEJADORA/GENERAL/SLIMPIA/RESET_ALARMA;.;;BINARY VALUE;READ ;TRUE (O) FALSE;0/1;-;OK;;;
;;CALECFACCION_ETAPA_01;LSST/PISO04/MANEJADORA/GENERAL/SLIMPIA/CALEFACCION_ETAPA_01;.;;BINARY VALUE;READ ;TRUE (O) FALSE;0/1;-;OK;;;
;;CALECFACCION_ETAPA_02;LSST/PISO04/MANEJADORA/GENERAL/SLIMPIA/CALEFACCION_ETAPA_02;.;;BINARY VALUE;READ ;TRUE (O) FALSE;0/1;-;OK;;;
;;ESTADO DAMPER;LSST/PISO04/MANEJADORA/GENERAL/SLIMPIA/ESTADO_DAMPER;.;;BINARY VALUE;READ ;TRUE (O) FALSE;0/1;-;OK;;;
;;PP_UMA_05;LSST/PISO04/MANEJADORA/GENERAL/SLIMPIA/COMANDO_ENCENDIDO;,;;BINARY OUTPUT;READ ;TRUE (O) FALSE;0/1;-;OK;;;
;;CONSIGNA_LSST;LSST/PISO04/MANEJADORA/GENERAL/SLIMPIA/VALOR_CONSIGNA_LSST;;.;ANALOG OUTPUT;WRITE;22;18/25;°C;EN PROCESO 2 ETAPA;;;
;;SET_POINT_VENTILADOR_MINIMO_LSST;LSST/PISO04/MANEJADORA/GENERAL/SLIMPIA/SETPOINT_VENTILADOR_MIN_LSST;;.;ANALOG OUTPUT;WRITE;22;20% a 100%;%;EN PROCESO 2 ETAPA;;;
;;SET_POINT_VENT_MAXIMO_LSST;LSST/PISO04/MANEJADORA/GENERAL/SLIMPIA/SETPOINT_VENTILADOR_MAX_LSST;;.;ANALOG OUTPUT;WRITE;22;0% a 100%;%;EN PROCESO 2 ETAPA;;;
;;PP_UMA_05_LSST;LSST/PISO04/MANEJADORA/GENERAL/SLIMPIA/COMANDO_ENCENDIDO_LSST;;.;BINARY OUTPUT;WRITE;TRUE (O) FALSE;0/1;-;EN PROCESO 2 ETAPA;;;
;;;;;;;;;;;;;;
;;;;;;;;;;;;;;
DIRECCIONAMIENTO MQTT OBSERVATORIO AURA LSST 2020;;;;;;;;;;;;;;
;;;;;;;;;;;;;;
PISO;TABLERO;VARIABLE INTERNA SISTEMA;TOPIC MQTT;PUBLICACION;SUSCRIPCION;SEÑAL;READ / WRITE;SIGNAL RANGE ;LIMITES;UNIT;ESTADO ACTUAL;OBSERVACIONES (0) CORRECIONES;;
PISO 2;CRACK N°1;EST_FUN;LSST/PISO02/CRACK01/ESTADO_FUNCIONAMIENTO;.;;BINARY VALUE;READ ;TRUE (O) FALSE;0/1;-;OK;;;
;;PRESENCIA_ALARMA;LSST/PISO02/CRACK01/ESTADO_PRESENCIA_ALARMA;.;;BINARY VALUE;READ ;TRUE (O) FALSE;0/1;-;OK;;;
;;TEMP_INYECCION;LSST/PISO02/CRACK01/TEMPERATURA_INYECCION;.;;ANALOG VALUE;READ ;22;10/24;°C;OK;;;
;;TEMP_RETORNO;LSST/PISO02/CRACK01/TEMPERATURA_RETORNO;.;;ANALOG VALUE;READ ;22;20/30;°C;OK;;;
;;%HUMEDAD_SALA;LSST/PISO02/CRACK01/%_HUMEDAD_SALA;.;;ANALOG VALUE;READ ;22;40% a 60%;%;OK;;;
;;%APERTURA_VALVULA;LSST/PISO02/CRACK01/%_APERTURA_VALVULA;.;;ANALOG VALUE;READ ;22;0% a 100%;%;OK;;;
;;SETPOINT_HUMIDIF;LSST/PISO02/CRACK01/SETPOINT_HUMIDIFICADOR;.;;ANALOG VALUE;READ ;22;40% a 60%;%;OK;;;
;;SETPOINT_DESHUMIF;LSST/PISO02/CRACK01/SETPOINT_DESHUMIDIFICADOR;.;;ANALOG VALUE;READ ;22;40% a 60%;%;OK;;;
;;SET_POINT_COOLING;LSST/PISO02/CRACK01/SET_POINT_COOLING;.;;ANALOG VALUE;READ ;22;18/23;°C;OK;;;
;;SET_POINT_HEATING;LSST/PISO02/CRACK01/SET_POINT_HEATING;.;;ANALOG VALUE;READ ;22;17/21;°C;OK;;;
;;REQUERIMIENTO_HUMIFICADOR;LSST/PISO02/CRACK01/REQUERIMIENTO_HUMIDIFICADOR;.;;ANALOG VALUE;READ ;22;40% a 60%;%;OK;;;
;;MODO_OPERACION_UNIDAD;LSST/PISO02/CRACK01/MODO_OPERACION_UNIDAD;.;;ANALOG VALUE;READ ;8;8;-;OK;;;
;;ESTADO DE UNIDAD;LSST/PISO02/CRACK01/ESTADO_DE_UNIDAD;.;;ANALOG VALUE;READ ;4;4;-;OK;;;
;;NUMERO_CIRCUITOS;LSST/PISO02/CRACK01/NUMERO_CIRCUITOS;.;;ANALOG VALUE;READ ;1;1;-;OK;;;
;;PP_SEL_PRECISION_01;LSST/PISO02/CRACK01/COMANDO_ENCENDIDO;.;;BINARY OUTPUT;READ ;TRUE (O) FALSE;0/1;-;OK;;;
;;SETPOINT_HUMIDIF_LSST;LSST/PISO02/CRACK01/SETPOINT_HUMIDIFICADOR_LSST;;.;ANALOG OUTPUT;WRITE;22;40% a 60%;%;EN PROCESO 2 ETAPA;;;
;;SETPOINT_DESHUMIF_LSST;LSST/PISO02/CRACK01/SETPOINT_DESHUMIDIFICADOR_LSST;;.;ANALOG OUTPUT;WRITE;22;40% a 60%;%;EN PROCESO 2 ETAPA;;;
;;SET_POINT_COOLING_LSST;LSST/PISO02/CRACK01/SET_POINT_COOLING_LSST;;.;ANALOG OUTPUT;WRITE;22;18/23;°C;EN PROCESO 2 ETAPA;;;
;;SET_POINT_HEATING_LSST;LSST/PISO02/CRACK01/SET_POINT_HEATING_LSST;;.;ANALOG OUTPUT;WRITE;22;17/21;°C;EN PROCESO 2 ETAPA;;;
;;PP_SEL_PRECISION_01_LSST;LSST/PISO02/CRACK01/COMANDO_ENCENDIDO_LSST;;.;BINARY OUTPUT;WRITE;TRUE (O) FALSE;0/1;-;EN PROCESO 2 ETAPA;;;
;;;;;;;;;;;;;;
;;;;;;;;;;;;;;
PISO 2;CRACK N°2;EST_FUN;LSST/PISO02/CRACK02/ESTADO_FUNCIONAMIENTO;.;;BINARY VALUE;READ ;TRUE (O) FALSE;0/1;-;OK;;;
;;PRESENCIA_ALARMA;LSST/PISO02/CRACK02/ESTADO_PRESENCIA_ALARMA;.;;BINARY VALUE;READ ;TRUE (O) FALSE;0/1;-;OK;;;
;;TEMP_INYECCION;LSST/PISO02/CRACK02/TEMPERATURA_INYECCION;.;;ANALOG VALUE;READ ;22;10/24;°C;OK;;;
;;TEMP_RETORNO;LSST/PISO02/CRACK02/TEMPERATURA_RETORNO;.;;ANALOG VALUE;READ ;22;20/30;°C;OK;;;
;;%HUMEDAD_SALA;LSST/PISO02/CRACK02/%_HUMEDAD_SALA;.;;ANALOG VALUE;READ ;22;40% a 60%;%;OK;;;
;;%APERTURA_VALVULA;LSST/PISO02/CRACK02/%_APERTURA_VALVULA;.;;ANALOG VALUE;READ ;22;0% a 100%;%;OK;;;
;;SETPOINT_HUMIDIF;LSST/PISO02/CRACK02/SETPOINT_HUMIDIFICADOR;.;;ANALOG VALUE;READ ;22;40% a 60%;%;OK;;;
;;SETPOINT_DESHUMIF;LSST/PISO02/CRACK02/SETPOINT_DESHUMIDIFICADOR;.;;ANALOG VALUE;READ ;22;40% a 60%;%;OK;;;
;;SET_POINT_COOLING;LSST/PISO02/CRACK02/SET_POINT_COOLING;.;;ANALOG VALUE;READ ;22;18/23;°C;OK;;;
;;SET_POINT_HEATING;LSST/PISO02/CRACK02/SET_POINT_HEATING;.;;ANALOG VALUE;READ ;22;17/21;°C;OK;;;
;;REQUERIMIENTO_HUMIFICADOR;LSST/PISO02/CRACK02/REQUERIMIENTO_HUMIDIFICADOR;.;;ANALOG VALUE;READ ;22;40% a 60%;%;OK;;;
;;MODO_OPERACION_UNIDAD;LSST/PISO02/CRACK02/MODO_OPERACION_UNIDAD;.;;ANALOG VALUE;READ ;8;8;-;OK;;;
;;ESTADO DE UNIDAD;LSST/PISO02/CRACK02/ESTADO_DE_UNIDAD;.;;ANALOG VALUE;READ ;4;4;-;OK;;;
;;NUMERO_CIRCUITOS;LSST/PISO02/CRACK02/NUMERO_CIRCUITOS;.;;ANALOG VALUE;READ ;1;1;-;OK;;;
;;PP_SEL_PRECISION_01;LSST/PISO02/CRACK02/COMANDO_ENCENDIDO;.;;BINARY OUTPUT;READ ;TRUE (O) FALSE;0/1;-;OK;;;
;;SETPOINT_HUMIDIF_LSST;LSST/PISO02/CRACK02/SETPOINT_HUMIDIFICADOR_LSST;;.;ANALOG OUTPUT;WRITE;22;40% a 60%;%;EN PROCESO 2 ETAPA;;;
;;SETPOINT_DESHUMIF_LSST;LSST/PISO02/CRACK02/SETPOINT_DESHUMIDIFICADOR_LSST;;.;ANALOG OUTPUT;WRITE;22;40% a 60%;%;EN PROCESO 2 ETAPA;;;
;;SET_POINT_COOLING_LSST;LSST/PISO02/CRACK02/SET_POINT_COOLING_LSST;;.;ANALOG OUTPUT;WRITE;22;18/23;°C;EN PROCESO 2 ETAPA;;;
;;SET_POINT_HEATING_LSST;LSST/PISO02/CRACK02/SET_POINT_HEATING_LSST;;.;ANALOG OUTPUT;WRITE;22;17/21;°C;EN PROCESO 2 ETAPA;;;
;;PP_SEL_PRECISION_01_LSST;LSST/PISO02/CRACK02/COMANDO_ENCENDIDO_LSST;;.;BINARY OUTPUT;WRITE;TRUE (O) FALSE;0/1;-;EN PROCESO 2 ETAPA;;;
;;;;;;;;;;;;;;
;;;;;;;;;;;;;;
DIRECCIONAMIENTO MQTT OBSERVATORIO AURA LSST 2020;;;;;;;;;;;;;;
;;;;;;;;;;;;;;
PISO;TABLERO;VARIABLE INTERNA SISTEMA;TOPIC MQTT;PUBLICACION;SUSCRIPCION;SEÑAL;READ / WRITE;SIGNAL RANGE ;LIMITES;UNIT;ESTADO ACTUAL;OBSERVACIONES (0) CORRECIONES;;
PISO 4;VEX LOWER ;EF_VEX_03;LSST/PISO04/VEX_03/DAMPER_LOWER/GENERAL/ESTADO_FUNCIONAMIENTO;.;;BINARY INPUT;READ ;TRUE (O) FALSE;0/1;-;OK;;;
;;FT_VEX_03;LSST/PISO04/VEX_03/DAMPER_LOWER/GENERAL/FALLA_TERMICA;.;;BINARY INPUT;READ ;TRUE (O) FALSE;0/1;-;OK;;;
;;PP_VEX_03;LSST/PISO04/VEX_03/DAMPER_LOWER/GENERAL/COMANDO;.;;BINARY OUTPUT;READ ;TRUE (O) FALSE;0/1;-;OK;;;
;;SEL_VEX_03;LSST/PISO04/VEX_03/DAMPER_LOWER/GENERAL/COMANDO_ENCENDIDO;.;;BINARY OUTPUT;READ ;TRUE (O) FALSE;0/1;-;OK;;;
;;PP_VEX_03_LSST;LSST/PISO04/VEX_03/DAMPER_LOWER/GENERAL/COMANDO_ENCENDIDO_LSST;;.;BINARY OUTPUT;WRITE;TRUE (O) FALSE;0/1;-;EN PROCESO 2 ETAPA;;;
;;;;;;;;;;;;;;
;;;;;;;;;;;;;;
PISO 4;VEX ZONA CARGA;EF_VEX_04;LSST/PISO04/VEX_04/ZONA_CARGA/GENERAL/ESTADO_FUNCIONAMIENTO;.;;BINARY INPUT;READ ;TRUE (O) FALSE;0/1;-;OK;;;
;;FT_VEX_04;LSST/PISO04/VEX_04/ZONA_CARGA/GENERAL/FALLA_TERMICA;.;;BINARY INPUT;READ ;TRUE (O) FALSE;0/1;-;OK;;;
;;PP_VEX_04;LSST/PISO04/VEX_04/ZONA_CARGA/GENERAL/COMANDO;.;;BINARY OUTPUT;READ ;TRUE (O) FALSE;0/1;-;OK;;;
;;SEL_VEX_04;LSST/PISO04/VEX_04/ZONA_CARGA/GENERAL/COMANDO_ENCENDIDO;.;;BINARY OUTPUT;READ ;TRUE (O) FALSE;0/1;-;OK;;;
;;PP_VEX_04_LSST;LSST/PISO04/VEX_04/ZONA_CARGA/GENERAL/COMANDO_ENCENDIDO_LSST;;.;BINARY OUTPUT;WRITE;TRUE (O) FALSE;0/1;-;EN PROCESO 2 ETAPA;;;
;;;;;;;;;;;;;;
;;;;;;;;;;;;;;
DIRECCIONAMIENTO MQTT OBSERVATORIO AURA LSST 2020;;;;;;;;;;;;;;
;;;;;;;;;;;;;;
PISO;TABLERO;VARIABLE INTERNA SISTEMA;TOPIC MQTT;PUBLICACION;SUSCRIPCION;SEÑAL;READ / WRITE;SIGNAL RANGE ;LIMITES;UNIT;ESTADO ACTUAL;OBSERVACIONES (0) CORRECIONES;;
PISO 5;VEA 01;EF_VEA_01;LSST/PISO05/VEA_01/ESTADO_FUNCIONAMIENTO;.;;BINARY INPUT;READ ;TRUE (O) FALSE;0/1;-;OK;;;
;;FT_VEA_01;LSST/PISO05/VEA_01/FALLA_TERMICA;.;;BINARY INPUT;READ ;TRUE (O) FALSE;0/1;-;OK;;;
;;PP_VEA_01;LSST/PISO05/VEA_01/COMANDO_ENCENDIDO;.;;BINARY OUTPUT;READ ;TRUE (O) FALSE;0/1;-;OK;;;
;;PP_VEA_01_LSST;LSST/PISO05/VEA_01/COMANDO_ENCENDIDO_LSST;;.;BINARY OUTPUT;WRITE;TRUE (O) FALSE;0/1;-;EN PROCESO 2 ETAPA;;;
;;;;;;;;;;;;;;
;;;;;;;;;;;;;;
PISO 5;VEA 08;EF_VEA_08;LSST/PISO05/VEA_08/ESTADO_FUNCIONAMIENTO;.;;BINARY INPUT;READ ;TRUE (O) FALSE;0/1;-;OK;;;
;;FT_VEA_08;LSST/PISO05/VEA_08/FALLA_TERMICA;.;;BINARY INPUT;READ ;TRUE (O) FALSE;0/1;-;OK;;;
;;PP_VEA_08;LSST/PISO05/VEA_08/COMANDO_ENCENDIDO;.;;BINARY OUTPUT;READ ;TRUE (O) FALSE;0/1;-;OK;;;
;;PP_VEA_08_LSST;LSST/PISO05/VEA_08/COMANDO_ENCENDIDO_LSST;;.;BINARY OUTPUT;WRITE;TRUE (O) FALSE;0/1;-;EN PROCESO 2 ETAPA;;;
;;;;;;;;;;;;;;
;;;;;;;;;;;;;;
PISO 5;VEA 09;EF_VEA_09;LSST/PISO05/VEA_09/ESTADO_FUNCIONAMIENTO;.;;BINARY INPUT;READ ;TRUE (O) FALSE;0/1;-;OK;;;
;;FT_VEA_09;LSST/PISO05/VEA_09/FALLA_TERMICA;.;;BINARY INPUT;READ ;TRUE (O) FALSE;0/1;-;OK;;;
;;PP_VEA_09;LSST/PISO05/VEA_09/COMANDO_ENCENDIDO;.;;BINARY OUTPUT;READ ;TRUE (O) FALSE;0/1;-;OK;;;
;;PP_VEA_09_LSST;LSST/PISO05/VEA_09/COMANDO_ENCENDIDO_LSST;;.;BINARY OUTPUT;WRITE;TRUE (O) FALSE;0/1;-;EN PROCESO 2 ETAPA;;;
;;;;;;;;;;;;;;
;;;;;;;;;;;;;;
PISO 5;VEA 10;EF_VEA_10;LSST/PISO05/VEA_10/ESTADO_FUNCIONAMIENTO;.;;BINARY INPUT;READ ;TRUE (O) FALSE;0/1;-;OK;;;
;;FT_VEA_10;LSST/PISO05/VEA_10/FALLA_TERMICA;.;;BINARY INPUT;READ ;TRUE (O) FALSE;0/1;-;OK;;;
;;PP_VEA_10;LSST/PISO05/VEA_10/COMANDO_ENCENDIDO;.;;BINARY OUTPUT;READ ;TRUE (O) FALSE;0/1;-;OK;;;
;;PP_VEA_10_LSST;LSST/PISO05/VEA_10/COMANDO_ENCENDIDO_LSST;;.;BINARY OUTPUT;WRITE;TRUE (O) FALSE;0/1;-;EN PROCESO 2 ETAPA;;;
;;;;;;;;;;;;;;
;;;;;;;;;;;;;;
PISO 5;VEA 11;EF_VEA_11;LSST/PISO05/VEA_11/ESTADO_FUNCIONAMIENTO;.;;BINARY INPUT;READ ;TRUE (O) FALSE;0/1;-;OK;;;
;;FT_VEA_11;LSST/PISO05/VEA_11/FALLA_TERMICA;.;;BINARY INPUT;READ ;TRUE (O) FALSE;0/1;-;OK;;;
;;PP_VEA_11;LSST/PISO05/VEA_11/COMANDO_ENCENDIDO;.;;BINARY OUTPUT;READ ;TRUE (O) FALSE;0/1;-;OK;;;
;;PP_VEA_11_LSST;LSST/PISO05/VEA_11/COMANDO_ENCENDIDO_LSST;;.;BINARY OUTPUT;WRITE;TRUE (O) FALSE;0/1;-;EN PROCESO 2 ETAPA;;;
;;;;;;;;;;;;;;
;;;;;;;;;;;;;;
PISO 5;VEA 12;EF_VEA_12;LSST/PISO05/VEA_12/ESTADO_FUNCIONAMIENTO;.;;BINARY INPUT;READ ;TRUE (O) FALSE;0/1;-;OK;;;
;;FT_VEA_12;LSST/PISO05/VEA_12/FALLA_TERMICA;.;;BINARY INPUT;READ ;TRUE (O) FALSE;0/1;-;OK;;;
;;PP_VEA_12;LSST/PISO05/VEA_12/COMANDO_ENCENDIDO;.;;BINARY OUTPUT;READ ;TRUE (O) FALSE;0/1;-;OK;;;
;;PP_VEA_12_LSST;LSST/PISO05/VEA_12/COMANDO_ENCENDIDO_LSST;;.;BINARY OUTPUT;WRITE;TRUE (O) FALSE;0/1;-;EN PROCESO 2 ETAPA;;;
;;;;;;;;;;;;;;
;;;;;;;;;;;;;;
PISO 5;VEA 13;EF_VEA_13;LSST/PISO05/VEA_13/ESTADO_FUNCIONAMIENTO;.;;BINARY INPUT;READ ;TRUE (O) FALSE;0/1;-;OK;;;
;;FT_VEA_13;LSST/PISO05/VEA_13/FALLA_TERMICA;.;;BINARY INPUT;READ ;TRUE (O) FALSE;0/1;-;OK;;;
;;PP_VEA_13;LSST/PISO05/VEA_13/COMANDO_ENCENDIDO;.;;BINARY OUTPUT;READ ;TRUE (O) FALSE;0/1;-;OK;;;
;;PP_VEA_13_LSST;LSST/PISO05/VEA_13/COMANDO_ENCENDIDO_LSST;;.;BINARY OUTPUT;WRITE;TRUE (O) FALSE;0/1;-;EN PROCESO 2 ETAPA;;;
;;;;;;;;;;;;;;
;;;;;;;;;;;;;;
PISO 5;VEA 14;EF_VEA_14;LSST/PISO05/VEA_14/ESTADO_FUNCIONAMIENTO;.;;BINARY INPUT;READ ;TRUE (O) FALSE;0/1;-;OK;;;
;;FT_VEA_14;LSST/PISO05/VEA_14/FALLA_TERMICA;.;;BINARY INPUT;READ ;TRUE (O) FALSE;0/1;-;OK;;;
;;PP_VEA_14;LSST/PISO05/VEA_14/COMANDO_ENCENDIDO;.;;BINARY OUTPUT;READ ;TRUE (O) FALSE;0/1;-;OK;;;
;;PP_VEA_14_LSST;LSST/PISO05/VEA_14/COMANDO_ENCENDIDO_LSST;;.;BINARY OUTPUT;WRITE;TRUE (O) FALSE;0/1;-;EN PROCESO 2 ETAPA;;;
;;;;;;;;;;;;;;
;;;;;;;;;;;;;;
PISO 5;VEA 15;EF_VEA_15;LSST/PISO05/VEA_15/ESTADO_FUNCIONAMIENTO;.;;BINARY INPUT;READ ;TRUE (O) FALSE;0/1;-;OK;;;
;;FT_VEA_15;LSST/PISO05/VEA_15/FALLA_TERMICA;.;;BINARY INPUT;READ ;TRUE (O) FALSE;0/1;-;OK;;;
;;PP_VEA_15;LSST/PISO05/VEA_15/COMANDO_ENCENDIDO;.;;BINARY OUTPUT;READ ;TRUE (O) FALSE;0/1;-;OK;;;
;;PP_VEA_15_LSST;LSST/PISO05/VEA_15/COMANDO_ENCENDIDO_LSST;.;.;BINARY OUTPUT;WRITE;TRUE (O) FALSE;0/1;-;EN PROCESO 2 ETAPA;;;
;;;;;;;;;;;;;;
;;;;;;;;;;;;;;
PISO 5;VEA 16;EF_VEA_16;LSST/PISO05/VEA_16/ESTADO_FUNCIONAMIENTO;.;;BINARY INPUT;READ ;TRUE (O) FALSE;0/1;-;OK;;;
;;FT_VEA_16;LSST/PISO05/VEA_16/FALLA_TERMICA;.;;BINARY INPUT;READ ;TRUE (O) FALSE;0/1;-;OK;;;
;;PP_VEA_16;LSST/PISO05/VEA_16/COMANDO_ENCENDIDO;.;;BINARY OUTPUT;READ ;TRUE (O) FALSE;0/1;-;OK;;;
;;PP_VEA_16_LSST;LSST/PISO05/VEA_16/COMANDO_ENCENDIDO_LSST;.;.;BINARY OUTPUT;WRITE;TRUE (O) FALSE;0/1;-;EN PROCESO 2 ETAPA;;;
;;;;;;;;;;;;;;
;;;;;;;;;;;;;;
PISO 5;VEA 17;EF_VEA_17;LSST/PISO05/VEA_17/ESTADO_FUNCIONAMIENTO;.;;BINARY INPUT;READ ;TRUE (O) FALSE;0/1;-;OK;;;
;;FT_VEA_17;LSST/PISO05/VEA_17/FALLA_TERMICA;.;;BINARY INPUT;READ ;TRUE (O) FALSE;0/1;-;OK;;;
;;PP_VEA_17;LSST/PISO05/VEA_17/COMANDO_ENCENDIDO;.;;BINARY OUTPUT;READ ;TRUE (O) FALSE;0/1;-;OK;;;
;;PP_VEA_17_LSST;LSST/PISO05/VEA_17/COMANDO_ENCENDIDO_LSST;.;.;BINARY OUTPUT;WRITE;TRUE (O) FALSE;0/1;-;EN PROCESO 2 ETAPA;;;
;;;;;;;;;;;;;;
;;;;;;;;;;;;;;
DIRECCIONAMIENTO MQTT OBSERVATORIO AURA LSST 2020;;;;;;;;;;;;;;
;;;;;;;;;;;;;;
PISO;TABLERO;VARIABLE INTERNA SISTEMA;TOPIC MQTT;PUBLICACION;SUSCRIPCION;SEÑAL;READ / WRITE;SIGNAL RANGE ;LIMITES;UNIT;ESTADO ACTUAL;OBSERVACIONES (0) CORRECIONES;;
PISO 1;VEA 01;EF_VENT1;LSST/PISO01/VEA_01/ESTADO_FUNCIONAMIENTO;.;;BINARY INPUT;READ ;TRUE (O) FALSE;0/1;-;OK;;;
;;MA_VENT1;LSST/PISO01/VEA_01/ESTADO_SELECTOR;.;;BINARY INPUT;READ ;TRUE (O) FALSE;0/1;-;OK;;;
;;PP_VENT1;LSST/PISO01/VEA_01/COMANDO_ENCENDIDO;.;;BINARY OUTPUT;READ ;TRUE (O) FALSE;0/1;-;OK;;;
;;PP_VENT1_LSST;LSST/PISO01/VEA_01/COMANDO_ENCENDIDO_LSST;;.;BINARY OUTPUT;WRITE;TRUE (O) FALSE;0/1;-;EN PROCESO 2 ETAPA;;;
;;;;;;;;;;;;;;
;;;;;;;;;;;;;;
PISO 1;VIN 01;EF_VENT2;LSST/PISO01/VIN_01/ESTADO_FUNCIONAMIENTO;.;;BINARY INPUT;READ ;TRUE (O) FALSE;0/1;-;OK;;;
;;MA_VENT2;LSST/PISO01/VIN_01/ESTADO_SELECTOR;.;;BINARY INPUT;READ ;TRUE (O) FALSE;0/1;-;OK;;;
;;PP_VENT2;LSST/PISO01/VIN_01/COMANDO_ENCENDIDO;.;;BINARY OUTPUT;READ ;TRUE (O) FALSE;0/1;-;OK;;;
;;PP_VENT2_LSST;LSST/PISO01/VIN_01/COMANDO_ENCENDIDO_LSST;;.;BINARY OUTPUT;WRITE;TRUE (O) FALSE;0/1;-;EN PROCESO 2 ETAPA;;;
;;;;;;;;;;;;;;
;;;;;;;;;;;;;;
PISO 1;VEC 01;EF_VENT3;LSST/PISO01/VEC_01/ESTADO_FUNCIONAMIENTO;.;;BINARY INPUT;READ ;TRUE (O) FALSE;0/1;-;OK;;;
;;MA_VENT3;LSST/PISO01/VEC_01/ESTADO_SELECTOR;.;;BINARY INPUT;READ ;TRUE (O) FALSE;0/1;-;OK;;;
;;PP_VENT3;LSST/PISO01/VEC_01/COMANDO_ENCENDIDO;.;;BINARY OUTPUT;READ ;TRUE (O) FALSE;0/1;-;OK;;;
;;PP_VENT3_LSST;LSST/PISO01/VEC_01/COMANDO_ENCENDIDO_LSST;;.;BINARY OUTPUT;WRITE;TRUE (O) FALSE;0/1;-;EN PROCESO 2 ETAPA;;;
;;;;;;;;;;;;;;
;;;;;;;;;;;;;;
PISO 1;BOMBA-AGUA-FRIA;EF_BOMB_AF;LSST/PISO01/BOMBA_AGUA_FRIA/ESTADO_FUNCIONAMIENTO;.;;BINARY INPUT;READ ;TRUE (O) FALSE;0/1;-;OK;;;
;;PP_BOMBA_AF;LSST/PISO01/BOMBA_AGUA_FRIA/COMANDO_ENCENDIDO;.;;BINARY OUTPUT;READ ;TRUE (O) FALSE;0/1;-;OK;;;
;;TEMP_AMB;LSST/PISO01/GENERAL/TEMPERATURA_AMBIENTE;.;;ANALOG INPUT;READ ;22;-15 a 30;°C;OK;;;
;;;;;;;;;;;;;;
;;;;;;;;;;;;;;
PISO 1;VALVULAS;PP_VALVULAS_1_2;LSST/PISO01/VALVULA/ESTADO_VALVULA_1&2;.;;BINARY OUTPUT;READ ;TRUE (O) FALSE;0/1;-;OK;;;
;;PP_VAL_03;LSST/PISO01/VALVULA/ESTADO_VALVULA_03;.;;BINARY OUTPUT;READ ;TRUE (O) FALSE;0/1;-;OK;;;
;;PP_VAL_04;LSST/PISO01/VALVULA/ESTADO_VALVULA_04;.;;BINARY OUTPUT;READ ;TRUE (O) FALSE;0/1;-;OK;;;
;;PP_VAL_05;LSST/PISO01/VALVULA/ESTADO_VALVULA_05;.;;BINARY OUTPUT;READ ;TRUE (O) FALSE;0/1;-;OK;;;
;;PP_VAL_06;LSST/PISO01/VALVULA/ESTADO_VALVULA_06;.;;BINARY OUTPUT;READ ;TRUE (O) FALSE;0/1;-;OK;;;
;;;;;;;;;;;;;;
;;;;;;;;;;;;;;
DIRECCIONAMIENTO MQTT OBSERVATORIO AURA LSST 2020;;;;;;;;;;;;;;
;;;;;;;;;;;;;;
PISO;TABLERO;VARIABLE INTERNA SISTEMA;TOPIC MQTT;PUBLICACION;SUSCRIPCION;TIPO DE SEÑAL;READ / WRITE;SIGNAL RANGE ;LIMITES;UNIT;ESTADO ACTUAL;OBSERVACIONES (0) CORRECIONES;;
PISO 5;MANEJADORA LOWER N°1;VALOR_CONSIGNA;LSST/PISO05/MANEJADORA/LOWER_01/VALOR_CONSIGNA;.;;ANALOG VALUE;READ ;22;-10/10;°C;OK;;;
;;VALOR_CONSIGNA;LSST/PISO05/MANEJADORA/LOWER_01/SETPOINT_TRABAJO;.;;ANALOG VALUE;READ ;22;-10/10;°C;OK;;;
;;TEMP_ANTICONGELANTE;LSST/PISO05/MANEJADORA/LOWER_01/TEMPERATURA_ANTICONGELANTE;.;;ANALOG VALUE;READ ;22;-14/0;°C;OK;;;
;;TEMP_IMPULSION;LSST/PISO05/MANEJADORA/LOWER_01/TEMPERATURA_INYECCION;.;;ANALOG VALUE;READ ;22;-10/10;°C;OK;;;
;;TEMP_RECUPERACION;LSST/PISO05/MANEJADORA/LOWER_01/TEMPERATURA_RETORNO;.;;ANALOG VALUE;READ ;22;-10/10;°C;OK;;;
;;ESTADO_VALVULA;LSST/PISO05/MANEJADORA/LOWER_01/ESTADO_VALVULA;.;;BINARY INPUT;READ ;22;0/1;%;OK;;;
;;TEMP_AMBIENTE&EXTERIOR;LSST/PISO05/MANEJADORA/LOWER_01/TEMPERATURA_AMBIENTE&EXTERIOR;.;;ANALOG IMPUT;READ ;22; -4/30;°C;OK;;;
;;SERIUS_ALARMA;LSST/PISO05/MANEJADORA/LOWER_01/ALARMA_GENERAL;.;;BINARY VALUE;READ ;TRUE (O) FALSE;0/1;-;OK;;;
;;ALARMA_FILTRO;LSST/PISO05/MANEJADORA/LOWER_01/ALARMA_FILTRO;.;;BINARY VALUE;READ ;TRUE (O) FALSE;0/1;-;OK;;;
;;ESTADO_FUN;LSST/PISO05/MANEJADORA/LOWER_01/ESTADO_FUNCIONAMIENTO;.;;BINARY VALUE;READ ;TRUE (O) FALSE;0/1;-;OK;;;
;;ESTADO_DAMPER;LSST/PISO05/MANEJADORA/LOWER_01/ESTADO_DAMPER;.;;BINARY VALUE;READ ;TRUE (O) FALSE;0/1;-;OK;;;
;;RESET_ALARMA;LSST/PISO05/MANEJADORA/LOWER_01/RESET_ALARMA;.;;BINARY VALUE;READ ;TRUE (O) FALSE;0/1;-;OK;;;
;;SET_POINT_TRABAJO_LSST;LSST/PISO05/MANEJADORA/LOWER_01/SETPOINT_TRABAJO_LSST;;.;ANALOG OUTPUT;WRITE;22;-10/10;°C;EN PROCESO 2 ETAPA;;;
;;SET_POINT_VENTILADOR_MINIMO_LSST;LSST/PISO05/MANEJADORA/LOWER_01/SETPOINT_VENTILADOR_MIN_LSST;;.;ANALOG OUTPUT;WRITE;22;0% a 20%;°C;EN PROCESO 2 ETAPA;;;
;;SET_POINT_VENTILADOR_MAXIMO_LSST;LSST/PISO05/MANEJADORA/LOWER_01/SETPOINT_VENTILADOR_MAX_LSST;;.;ANALOG OUTPUT;WRITE;22;20% a 100%;°C;EN PROCESO 2 ETAPA;;;
;;SET_POINT_VENT_IMPULSION_LSST;LSST/PISO05/MANEJADORA/LOWER_01/TEMPERATURA_ANTICONGELANTE_LSST;;.;ANALOG OUTPUT;WRITE;22;0% a 100%;°C;EN PROCESO 2 ETAPA;;;
;;SEL_UMA_01_LSST;LSST/PISO05/MANEJADORA/LOWER_01/COMANDO_ENCENDIDO_LSST;;.;BINARY OUTPUT;WRITE;22;0/1;°C;EN PROCESO 2 ETAPA;;;
;;;;;;;;;;;;;;
;;;;;;;;;;;;;;
PISO 5;MANEJADORA LOWER N°2;VALOR_CONSIGNA;LSST/PISO05/MANEJADORA/LOWER_02/VALOR_CONSIGNA;.;;ANALOG VALUE;READ ;22;-10/10;°C;OK;;;
;;VALOR_CONSIGNA;LSST/PISO05/MANEJADORA/LOWER_02/SETPOINT_TRABAJO;.;;ANALOG VALUE;READ ;22;-10/10;°C;OK;;;
;;TEMP_ANTICONGELANTE;LSST/PISO05/MANEJADORA/LOWER_02/TEMPERATURA_ANTICONGELANTE;.;;ANALOG VALUE;READ ;22;-14/0;°C;OK;;;
;;TEMP_IMPULSION;LSST/PISO05/MANEJADORA/LOWER_02/TEMPERATURA_INYECCION;.;;ANALOG VALUE;READ ;22;-10/10;°C;OK;;;
;;TEMP_RECUPERACION;LSST/PISO05/MANEJADORA/LOWER_02/TEMPERATURA_RETORNO;.;;ANALOG VALUE;READ ;22;-10/10;°C;OK;;;
;;ESTADO_VALVULA;LSST/PISO05/MANEJADORA/LOWER_02/ESTADO_VALVULA;.;;ANALOG VALUE;READ ;22;0/1;%;OK;;;
;;TEMP_AMBIENTE&EXTERIOR;LSST/PISO05/MANEJADORA/LOWER_02/TEMPERATURA_AMBIENTE&EXTERIOR;.;;ANALOG IMPUT;READ ;22; -4/30;°C;OK;;;
;;SERIUS_ALARMA;LSST/PISO05/MANEJADORA/LOWER_02/ALARMA_GENERAL;.;;BINARY VALUE;READ ;TRUE (O) FALSE;0/1;-;OK;;;
;;ALARMA_FILTRO;LSST/PISO05/MANEJADORA/LOWER_02/ALARMA_FILTRO;.;;BINARY VALUE;READ ;TRUE (O) FALSE;0/1;-;OK;;;
;;ESTADO_FUN;LSST/PISO05/MANEJADORA/LOWER_02/ESTADO_FUNCIONAMIENTO;.;;BINARY VALUE;READ ;TRUE (O) FALSE;0/1;-;OK;;;
;;ESTADO_DAMPER;LSST/PISO05/MANEJADORA/LOWER_02/ESTADO_DAMPER;.;;BINARY VALUE;READ ;TRUE (O) FALSE;0/1;-;OK;;;
;;RESET_ALARMA;LSST/PISO05/MANEJADORA/LOWER_02/RESET_ALARMA;.;;BINARY VALUE;READ ;TRUE (O) FALSE;0/1;-;OK;;;
;;SET_POINT_TRABAJO_LSST;LSST/PISO05/MANEJADORA/LOWER_02/SETPOINT_TRABAJO_LSST;;.;ANALOG OUTPUT;WRITE;22;-10/10;°C;EN PROCESO 2 ETAPA;;;
;;SET_POINT_VENTILADOR_MINIMO_LSST;LSST/PISO05/MANEJADORA/LOWER_02/SETPOINT_VENTILADOR_MIN_LSST;;.;ANALOG OUTPUT;WRITE;22;0% a 20%;°C;EN PROCESO 2 ETAPA;;;
;;SET_POINT_VENTILADOR_MAXIMO_LSST;LSST/PISO05/MANEJADORA/LOWER_02/SETPOINT_VENTILADOR_MAX_LSST;;.;ANALOG OUTPUT;WRITE;22;20% a 100%;°C;EN PROCESO 2 ETAPA;;;
;;SET_POINT_VENT_IMPULSION_LSST;LSST/PISO05/MANEJADORA/LOWER_02/TEMPERATURA_ANTICONGELANTE_LSST;;.;ANALOG OUTPUT;WRITE;22;0% a 100%;°C;EN PROCESO 2 ETAPA;;;
;;SEL_UMA_02_LSST;LSST/PISO05/MANEJADORA/LOWER_02/COMANDO_ENCENDIDO_LSST;;.;BINARY OUTPUT;WRITE;22;0/1;°C;EN PROCESO 2 ETAPA;;;
;;;;;;;;;;;;;;
;;;;;;;;;;;;;;
PISO 5;MANEJADORA LOWER N°3;VALOR_CONSIGNA;LSST/PISO05/MANEJADORA/LOWER_03/VALOR_CONSIGNA;.;;ANALOG VALUE;READ ;22;-10/10;°C;OK;;;
;;VALOR_CONSIGNA;LSST/PISO05/MANEJADORA/LOWER_03/SETPOINT_TRABAJO;.;;ANALOG VALUE;READ ;22;-10/10;°C;OK;;;
;;TEMP_ANTICONGELANTE;LSST/PISO05/MANEJADORA/LOWER_03/TEMPERATURA_ANTICONGELANTE;.;;ANALOG VALUE;READ ;22;-14/0;°C;OK;;;
;;TEMP_IMPULSION;LSST/PISO05/MANEJADORA/LOWER_03/TEMPERATURA_INYECCION;.;;ANALOG VALUE;READ ;22;-10/10;°C;OK;;;
;;TEMP_RECUPERACION;LSST/PISO05/MANEJADORA/LOWER_03/TEMPERATURA_RETORNO;.;;ANALOG VALUE;READ ;22;-10/10;°C;OK;;;
;;ESTADO_VALVULA;LSST/PISO05/MANEJADORA/LOWER_03/ESTADO_VALVULA;.;;ANALOG VALUE;READ ;22;0/1;-;OK;;;
;;TEMP_AMBIENTE&EXTERIOR;LSST/PISO05/MANEJADORA/LOWER_03/TEMPERATURA_AMBIENTE&EXTERIOR;.;;ANALOG IMPUT;READ ;22; -4/30;°C;OK;;;
;;SERIUS_ALARMA;LSST/PISO05/MANEJADORA/LOWER_03/ALARMA_GENERAL;.;;BINARY VALUE;READ ;TRUE (O) FALSE;0/1;-;OK;;;
;;ALARMA_FILTRO;LSST/PISO05/MANEJADORA/LOWER_03/ALARMA_FILTRO;.;;BINARY VALUE;READ ;TRUE (O) FALSE;0/1;-;OK;;;
;;ESTADO_FUN;LSST/PISO05/MANEJADORA/LOWER_03/ESTADO_FUNCIONAMIENTO;.;;BINARY VALUE;READ ;TRUE (O) FALSE;0/1;-;OK;;;
;;ESTADO_DAMPER;LSST/PISO05/MANEJADORA/LOWER_03/ESTADO_DAMPER;.;;BINARY VALUE;READ ;TRUE (O) FALSE;0/1;-;OK;;;
;;RESET_ALARMA;LSST/PISO05/MANEJADORA/LOWER_03/RESET_ALARMA;.;;BINARY VALUE;READ ;TRUE (O) FALSE;0/1;-;OK;;;
;;SET_POINT_TRABAJO_LSST;LSST/PISO05/MANEJADORA/LOWER_03/SETPOINT_TRABAJO_LSST;;.;ANALOG OUTPUT;WRITE;22;-10/10;°C;EN PROCESO 2 ETAPA;;;
;;SET_POINT_VENTILADOR_MINIMO_LSST;LSST/PISO05/MANEJADORA/LOWER_03/SETPOINT_VENTILADOR_MIN_LSST;;.;ANALOG OUTPUT;WRITE;22;0% a 20%;%;EN PROCESO 2 ETAPA;;;
;;SET_POINT_VENTILADOR_MAXIMO_LSST;LSST/PISO05/MANEJADORA/LOWER_03/SETPOINT_VENTILADOR_MAX_LSST;;.;ANALOG OUTPUT;WRITE;22;20% a 100%;%;EN PROCESO 2 ETAPA;;;
;;SET_POINT_VENT_IMPULSION_LSST;LSST/PISO05/MANEJADORA/LOWER_03/TEMPERATURA_ANTICONGELANTE_LSST;;.;ANALOG OUTPUT;WRITE;22;0% a 100%;%;EN PROCESO 2 ETAPA;;;
;;SEL_UMA_03_LSST;LSST/PISO05/MANEJADORA/LOWER_03/COMANDO_ENCENDIDO_LSST;;.;BINARY OUTPUT;WRITE;TRUE (O) FALSE;0/1;-;EN PROCESO 2 ETAPA;;;
;;;;;;;;;;;;;;
;;;;;;;;;;;;;;
PISO 5;MANEJADORA LOWER N°4;VALOR_CONSIGNA;LSST/PISO05/MANEJADORA/LOWER_04/VALOR_CONSIGNA;.;;ANALOG VALUE;READ ;22;-10/10;°C;OK;;;
;;VALOR_CONSIGNA;LSST/PISO05/MANEJADORA/LOWER_04/SETPOINT_TRABAJO;.;;ANALOG VALUE;READ ;22;-10/10;°C;OK;;;
;;TEMP_ANTICONGELANTE;LSST/PISO05/MANEJADORA/LOWER_04/TEMPERATURA_ANTICONGELANTE;.;;ANALOG VALUE;READ ;22;-14/0;°C;OK;;;
;;TEMP_IMPULSION;LSST/PISO05/MANEJADORA/LOWER_04/TEMPERATURA_INYECCION;.;;ANALOG VALUE;READ ;22;-10/10;°C;OK;;;
;;TEMP_RECUPERACION;LSST/PISO05/MANEJADORA/LOWER_04/TEMPERATURA_RETORNO;.;;ANALOG VALUE;READ ;22;-10/10;°C;OK;;;
;;ESTADO_VALVULA;LSST/PISO05/MANEJADORA/LOWER_04/ESTADO_VALVULA;.;;ANALOG VALUE;READ ;22;0/1;-;OK;;;
;;TEMP_AMBIENTE&EXTERIOR;LSST/PISO05/MANEJADORA/LOWER_04/TEMPERATURA_AMBIENTE&EXTERIOR;.;;ANALOG IMPUT;READ ;22; -4/30;°C;OK;;;
;;SERIUS_ALARMA;LSST/PISO05/MANEJADORA/LOWER_04/ALARMA_GENERAL;.;;BINARY VALUE;READ ;TRUE (O) FALSE;0/1;-;OK;;;
;;ALARMA_FILTRO;LSST/PISO05/MANEJADORA/LOWER_04/ALARMA_FILTRO;.;;BINARY VALUE;READ ;TRUE (O) FALSE;0/1;-;OK;;;
;;ESTADO_FUN;LSST/PISO05/MANEJADORA/LOWER_04/ESTADO_FUNCIONAMIENTO;.;;BINARY VALUE;READ ;TRUE (O) FALSE;0/1;-;OK;;;
;;ESTADO_DAMPER;LSST/PISO05/MANEJADORA/LOWER_04/ESTADO_DAMPER;.;;BINARY VALUE;READ ;TRUE (O) FALSE;0/1;-;OK;;;
;;RESET_ALARMA;LSST/PISO05/MANEJADORA/LOWER_04/RESET_ALARMA;.;;BINARY VALUE;READ ;TRUE (O) FALSE;0/1;-;OK;;;
;;SET_POINT_TRABAJO_LSST;LSST/PISO05/MANEJADORA/LOWER_04/SETPOINT_TRABAJO_LSST;;.;ANALOG OUTPUT;WRITE;22;-10/10;°C;EN PROCESO 2 ETAPA;;;
;;SET_POINT_VENTILADOR_MINIMO_LSST;LSST/PISO05/MANEJADORA/LOWER_04/SETPOINT_VENTILADOR_MIN_LSST;;.;ANALOG OUTPUT;WRITE;22;0% a 20%;%;EN PROCESO 2 ETAPA;;;
;;SET_POINT_VENTILADOR_MAXIMO_LSST;LSST/PISO05/MANEJADORA/LOWER_04/SETPOINT_VENTILADOR_MAX_LSST;;.;ANALOG OUTPUT;WRITE;22;20% a 100%;%;EN PROCESO 2 ETAPA;;;
;;SET_POINT_VENT_IMPULSION_LSST;LSST/PISO05/MANEJADORA/LOWER_04/TEMPERATURA_ANTICONGELANTE_LSST;;.;ANALOG OUTPUT;WRITE;22;0% a 100%;%;EN PROCESO 2 ETAPA;;;
;;SEL_UMA_04_LSST;LSST/PISO05/MANEJADORA/LOWER_04/COMANDO_ENCENDIDO_LSST;;.;BINARY OUTPUT;WRITE;TRUE (O) FALSE;0/1;-;EN PROCESO 2 ETAPA;;;
;;;;;;;;;;;;;;
;;;;;;;;;;;;;;