;;;;;;;;;;;;;;;;;;;;;
MATRIZ COMISIONAMIENTO - BMS;;;;;;;;;;;;;;;;Fecha;01-04-19;;;;
;;;;;;;;;;;;;;;;;;;;;
Cliente;;OBSERVATORIO LSST;;;;;;;;;;Código;MC-OBESERVATORIO-LSST-BMS-MCx;;;Revisión;0;;;;
Sistema ;;BMS;;;;;;;;;;Subsistema;BMS;;;Preparo;ORLANDO CASTRO TAPIA;;;;
Equipo;Equipo;Equipo;Ubicación;TAG EQ;TIPO DE SEÑAL;RANGO SEÑAL;PUBLICACION (O)   SUSCRIPCION;TOPIC (MQTT) (1 VARIABLE);TOPIC (MQTT) (TODAS VARIABLES );TOPIC (MQTT) (VARIABLES GENERALES);Data Sheet de equipos;Protocolo  de instalación mecánica dentro de TDC;Protocolo de montaje TDC;Protocolo de montaje canalización;Protocolo de cableado;Protocolo de instalación intrumentacion;Protocolo de configuracion controlador;Lista de chequeo de I/O y comunicación;Lista chequeo de lógica de control e interacción son otros sistemas;;
;;;PISO;TCC-P1-SALA-MAQUINAS;;;;;;;;;;;;;;;;;
;;;;;;;;;;;;;;;;;;;;;
TABLERO N°1;CONTROLADOR N°1;I/O;PISO 01;EF_VENT1;BINARY INPUT;true (o) false;PUBLICACION;LSST/PISO1/VEA_01/ESTADO_FUNCIONAMIENTO;LSST/PISO01/TCC-P1-SALA-MAQUINAS/#;LSST/#;No Aplica;No Aplica;No Aplica;;;No Aplica;No Aplica;No Aplica;No Aplica;;
;;I/O;PISO 01;EF_VENT2;BINARY INPUT;true (o) false;PUBLICACION;LSST/PISO1/VIN_01/ESTADO_FUNCIONAMIENTO;;;No Aplica;No Aplica;No Aplica;;;No Aplica;No Aplica;No Aplica;No Aplica;;
;;I/O;PISO 01;EF_VENT3;BINARY INPUT;true (o) false;PUBLICACION;LSST/PISO1/VEC_01/ESTADO_FUNCIONAMIENTO;;;No Aplica;No Aplica;No Aplica;;;No Aplica;No Aplica;No Aplica;No Aplica;;
;;I/O;PISO 01;EF_BOMB_AF;BINARY INPUT;true (o) false;PUBLICACION;LSST/PISO1/BOMBA_AGUA_FRIA/ESTADO_FUNCIONAMIENTO;;;No Aplica;No Aplica;No Aplica;;;No Aplica;No Aplica;No Aplica;No Aplica;;
;;I/O;PISO 01;MA_VENT1;BINARY INPUT;true (o) false;PUBLICACION;LSST/PISO1/VEA_01/ESTADO_SELECTOR;;;No Aplica;No Aplica;No Aplica;;;No Aplica;No Aplica;No Aplica;No Aplica;;
;;I/O;PISO 01;MA_VENT2;BINARY INPUT;true (o) false;PUBLICACION;LSST/PISO1/VIN_01/ESTADO_SELECTOR;;;No Aplica;No Aplica;No Aplica;;;No Aplica;No Aplica;No Aplica;No Aplica;;
;;I/O;PISO 01;MA_VENT3;BINARY INPUT;true (o) false;PUBLICACION;LSST/PISO1/VEC_01/ESTADO_SELECTOR;;;No Aplica;No Aplica;No Aplica;;;No Aplica;No Aplica;No Aplica;No Aplica;;
;;I/O;PISO 01;PP_VENT1;BINARY OUTPUT;true (o) false;PUBLICACION;LSST/PISO1/VEA_01/COMANDO_ENCENDIDO;;;No Aplica;No Aplica;No Aplica;;;No Aplica;No Aplica;No Aplica;No Aplica;;
;;I/O;PISO 01;PP_VENT2;BINARY OUTPUT;true (o) false;PUBLICACION;LSST/PISO1/VIN_01/COMANDO_ENCENDIDO;;;No Aplica;No Aplica;No Aplica;;;No Aplica;No Aplica;No Aplica;No Aplica;;
;;I/O;PISO 01;PP_VENT3;BINARY OUTPUT;true (o) false;PUBLICACION;LSST/PISO1/VEC_01/COMANDO_ENCENDIDO;;;No Aplica;No Aplica;No Aplica;;;No Aplica;No Aplica;No Aplica;No Aplica;;
;;I/O;PISO 01;PP_VALVULAS_1_2;BINARY OUTPUT;true (o) false;PUBLICACION;LSST/PISO1/VALVULA/ESTADO_VALVULA_1&2;;;No Aplica;No Aplica;No Aplica;;;No Aplica;No Aplica;No Aplica;No Aplica;;
;;I/O;PISO 01;PP_BOMBA_AF;BINARY OUTPUT;true (o) false;PUBLICACION;LSST/PISO1/BOMBA_AGUA_FRIA/COMANDO_ENCENDIDO;;;No Aplica;No Aplica;No Aplica;;;No Aplica;No Aplica;No Aplica;No Aplica;;
;;I/O;PISO 01;TEMP_AMB;ANALOG INPUT;EJ: 22,0;PUBLICACION;LSST/PISO1/TEMPERATURA_AMBIENTE;;;No Aplica;No Aplica;No Aplica;;;No Aplica;No Aplica;No Aplica;No Aplica;;
;;I/O;PISO 01;PP_VAL_03;BINARY OUTPUT;true (o) false;PUBLICACION;LSST/PISO1/VALVULA/ESTADO_VALVULA_03;;;No Aplica;No Aplica;No Aplica;;;No Aplica;No Aplica;No Aplica;No Aplica;;
;;I/O;PISO 01;PP_VAL_04;BINARY OUTPUT;true (o) false;PUBLICACION;LSST/PISO1/VALVULA/ESTADO_VALVULA_04;;;No Aplica;No Aplica;No Aplica;;;No Aplica;No Aplica;No Aplica;No Aplica;;
;;I/O;PISO 01;PP_VAL_05;BINARY OUTPUT;true (o) false;PUBLICACION;LSST/PISO1/VALVULA/ESTADO_VALVULA_05;;;No Aplica;No Aplica;No Aplica;;;No Aplica;No Aplica;No Aplica;No Aplica;;
;;I/O;PISO 01;PP_VAL_06;BINARY OUTPUT;true (o) false;PUBLICACION;LSST/PISO1/VALVULA/ESTADO_VALVULA_06;;;No Aplica;No Aplica;No Aplica;;;No Aplica;No Aplica;No Aplica;No Aplica;;
;;;;PP_VENT1_LSST;;true (o) false;SUSCRIPCION;LSST/PISO1/VEA_01/COMANDO_ENCENDIDO_LSST;;;;;;;;;;;;;
;;;;PP_VENT2_LSST;;true (o) false;SUSCRIPCION;LSST/PISO1/VIN_01/COMANDO_ENCENDIDO_LSST;;;;;;;;;;;;;
;;;;PP_VENT3_LSST;;true (o) false;SUSCRIPCION;LSST/PISO1/VEC_01/COMANDO_ENCENDIDO_LSST;;;;;;;;;;;;;
;;;;TCC-P5-PIR;;;;;;;;;;;;;;;;;
;;;;;;;;;;;;;;;;;;;;;
TABLERO N°2;CONTROLADOR N°2;I/O;PISO 05;EF_VEA_01;BINARY INPUT;true (o) false;PUBLICACION;LSST/PISO5/VEA_01/ESTADO_FUNCIONAMIENTO;LSST/PISO05/TCC-P5-PIR/#;;No Aplica;No Aplica;No Aplica;No Aplica;No Aplica;No Aplica;No Aplica;No Aplica;No Aplica;;
;;I/O;PISO 05;EF_VEA_08;BINARY INPUT;true (o) false;PUBLICACION;LSST/PISO5/VEA_08/ESTADO_FUNCIONAMIENTO;;;No Aplica;No Aplica;No Aplica;No Aplica;No Aplica;No Aplica;No Aplica;No Aplica;No Aplica;;
;;I/O;PISO 05;EF_VEA_09;BINARY INPUT;true (o) false;PUBLICACION;LSST/PISO5/VEA_09/ESTADO_FUNCIONAMIENTO;;;No Aplica;No Aplica;No Aplica;No Aplica;No Aplica;No Aplica;No Aplica;No Aplica;No Aplica;;
;;I/O;PISO 05;EF_VEA_10;BINARY INPUT;true (o) false;PUBLICACION;LSST/PISO5/VEA_10/ESTADO_FUNCIONAMIENTO;;;No Aplica;No Aplica;No Aplica;No Aplica;No Aplica;No Aplica;No Aplica;No Aplica;No Aplica;;
;;I/O;PISO 05;EF_VEA_11;BINARY INPUT;true (o) false;PUBLICACION;LSST/PISO5/VEA_11/ESTADO_FUNCIONAMIENTO;;;No Aplica;No Aplica;No Aplica;No Aplica;No Aplica;No Aplica;No Aplica;No Aplica;No Aplica;;
;;I/O;PISO 05;EF_VEA_12;BINARY INPUT;true (o) false;PUBLICACION;LSST/PISO5/VEA_12/ESTADO_FUNCIONAMIENTO;;;No Aplica;No Aplica;No Aplica;No Aplica;No Aplica;No Aplica;No Aplica;No Aplica;No Aplica;;
;;I/O;PISO 05;EF_VEA_13;BINARY INPUT;true (o) false;PUBLICACION;LSST/PISO5/VEA_13/ESTADO_FUNCIONAMIENTO;;;No Aplica;No Aplica;No Aplica;No Aplica;No Aplica;No Aplica;No Aplica;No Aplica;No Aplica;;
;;I/O;PISO 05;EF_VEA_14;BINARY INPUT;true (o) false;PUBLICACION;LSST/PISO5/VEA_14/ESTADO_FUNCIONAMIENTO;;;No Aplica;No Aplica;No Aplica;No Aplica;No Aplica;No Aplica;No Aplica;No Aplica;No Aplica;;
;;I/O;PISO 05;EF_VEA_15;BINARY INPUT;true (o) false;PUBLICACION;LSST/PISO5/VEA_15/ESTADO_FUNCIONAMIENTO;;;No Aplica;No Aplica;No Aplica;No Aplica;No Aplica;No Aplica;No Aplica;No Aplica;No Aplica;;
;;I/O;PISO 05;EF_VEA_16;BINARY INPUT;true (o) false;PUBLICACION;LSST/PISO5/VEA_16/ESTADO_FUNCIONAMIENTO;;;No Aplica;No Aplica;No Aplica;No Aplica;No Aplica;No Aplica;No Aplica;No Aplica;No Aplica;;
;;I/O;PISO 05;EF_VEA_17;BINARY INPUT;true (o) false;PUBLICACION;LSST/PISO5/VEA_17/ESTADO_FUNCIONAMIENTO;;;No Aplica;No Aplica;No Aplica;No Aplica;No Aplica;No Aplica;No Aplica;No Aplica;No Aplica;;
;;I/O;PISO 05;FT_VEA_01;BINARY INPUT;true (o) false;PUBLICACION;LSST/PISO5/VEA_01/FALLA_TERMICA;;;No Aplica;No Aplica;No Aplica;No Aplica;No Aplica;No Aplica;No Aplica;No Aplica;No Aplica;;
;;I/O;PISO 05;FT_VEA_08;BINARY INPUT;true (o) false;PUBLICACION;LSST/PISO5/VEA_08/FALLA_TERMICA;;;No Aplica;No Aplica;No Aplica;No Aplica;No Aplica;No Aplica;No Aplica;No Aplica;No Aplica;;
;;I/O;PISO 05;FT_VEA_09;BINARY INPUT;true (o) false;PUBLICACION;LSST/PISO5/VEA_09/FALLA_TERMICA;;;No Aplica;No Aplica;No Aplica;No Aplica;No Aplica;No Aplica;No Aplica;No Aplica;No Aplica;;
;;I/O;PISO 05;FT_VEA_10;BINARY INPUT;true (o) false;PUBLICACION;LSST/PISO5/VEA_10/FALLA_TERMICA;;;No Aplica;No Aplica;No Aplica;No Aplica;No Aplica;No Aplica;No Aplica;No Aplica;No Aplica;;
;;I/O;PISO 05;FT_VEA_11;BINARY INPUT;true (o) false;PUBLICACION;LSST/PISO5/VEA_11/FALLA_TERMICA;;;No Aplica;No Aplica;No Aplica;No Aplica;No Aplica;No Aplica;No Aplica;No Aplica;No Aplica;;
;;I/O;PISO 05;FT_VEA_12;BINARY INPUT;true (o) false;PUBLICACION;LSST/PISO5/VEA_12/FALLA_TERMICA;;;No Aplica;No Aplica;No Aplica;No Aplica;No Aplica;No Aplica;No Aplica;No Aplica;No Aplica;;
;;I/O;PISO 05;FT_VEA_13;BINARY INPUT;true (o) false;PUBLICACION;LSST/PISO5/VEA_13/FALLA_TERMICA;;;No Aplica;No Aplica;No Aplica;No Aplica;No Aplica;No Aplica;No Aplica;No Aplica;No Aplica;;
;;I/O;PISO 05;FT_VEA_14;BINARY INPUT;true (o) false;PUBLICACION;LSST/PISO5/VEA_14/FALLA_TERMICA;;;No Aplica;No Aplica;No Aplica;No Aplica;No Aplica;No Aplica;No Aplica;No Aplica;No Aplica;;
;;I/O;PISO 05;FT_VEA_15;BINARY INPUT;true (o) false;PUBLICACION;LSST/PISO5/VEA_15/FALLA_TERMICA;;;No Aplica;No Aplica;No Aplica;No Aplica;No Aplica;No Aplica;No Aplica;No Aplica;No Aplica;;
;;I/O;PISO 05;FT_VEA_16;BINARY INPUT;true (o) false;PUBLICACION;LSST/PISO5/VEA_16/FALLA_TERMICA;;;No Aplica;No Aplica;No Aplica;No Aplica;No Aplica;No Aplica;No Aplica;No Aplica;No Aplica;;
;;I/O;PISO 05;FT_VEA_17;BINARY INPUT;true (o) false;PUBLICACION;LSST/PISO5/VEA_17/FALLA_TERMICA;;;No Aplica;No Aplica;No Aplica;No Aplica;No Aplica;No Aplica;No Aplica;No Aplica;No Aplica;;
;;I/O;PISO 05;PP_VEA_01;BINARY OUTPUT;true (o) false;PUBLICACION;LSST/PISO5/VEA_01/COMANDO_ENCENDIDO;;;No Aplica;No Aplica;No Aplica;No Aplica;No Aplica;No Aplica;No Aplica;No Aplica;No Aplica;;
;;I/O;PISO 05;PP_VEA_08;BINARY OUTPUT;true (o) false;PUBLICACION;LSST/PISO5/VEA_08/COMANDO_ENCENDIDO;;;No Aplica;No Aplica;No Aplica;No Aplica;No Aplica;No Aplica;No Aplica;No Aplica;No Aplica;;
;;I/O;PISO 05;PP_VEA_09;BINARY OUTPUT;true (o) false;PUBLICACION;LSST/PISO5/VEA_09/COMANDO_ENCENDIDO;;;No Aplica;No Aplica;No Aplica;No Aplica;No Aplica;No Aplica;No Aplica;No Aplica;No Aplica;;
;;I/O;PISO 05;PP_VEA_10;BINARY OUTPUT;true (o) false;PUBLICACION;LSST/PISO5/VEA_10/COMANDO_ENCENDIDO;;;No Aplica;No Aplica;No Aplica;No Aplica;No Aplica;No Aplica;No Aplica;No Aplica;No Aplica;;
;;I/O;PISO 05;PP_VEA_11;BINARY OUTPUT;true (o) false;PUBLICACION;LSST/PISO5/VEA_11/COMANDO_ENCENDIDO;;;No Aplica;No Aplica;No Aplica;No Aplica;No Aplica;No Aplica;No Aplica;No Aplica;No Aplica;;
;;I/O;PISO 05;PP_VEA_12;BINARY OUTPUT;true (o) false;PUBLICACION;LSST/PISO5/VEA_12/COMANDO_ENCENDIDO;;;No Aplica;No Aplica;No Aplica;No Aplica;No Aplica;No Aplica;No Aplica;No Aplica;No Aplica;;
;;I/O;PISO 05;PP_VEA_13;BINARY OUTPUT;true (o) false;PUBLICACION;LSST/PISO5/VEA_13/COMANDO_ENCENDIDO;;;No Aplica;No Aplica;No Aplica;No Aplica;No Aplica;No Aplica;No Aplica;No Aplica;No Aplica;;
;;I/O;PISO 05;PP_VEA_14;BINARY OUTPUT;true (o) false;PUBLICACION;LSST/PISO5/VEA_14/COMANDO_ENCENDIDO;;;No Aplica;No Aplica;No Aplica;No Aplica;No Aplica;No Aplica;No Aplica;No Aplica;No Aplica;;
;;I/O;PISO 05;PP_VEA_15;BINARY OUTPUT;true (o) false;PUBLICACION;LSST/PISO5/VEA_15/COMANDO_ENCENDIDO;;;No Aplica;No Aplica;No Aplica;No Aplica;No Aplica;No Aplica;No Aplica;No Aplica;No Aplica;;
;;I/O;PISO 05;PP_VEA_16;BINARY OUTPUT;true (o) false;PUBLICACION;LSST/PISO5/VEA_16/COMANDO_ENCENDIDO;;;No Aplica;No Aplica;No Aplica;No Aplica;No Aplica;No Aplica;No Aplica;No Aplica;No Aplica;;
;;I/O;PISO 05;PP_VEA_17;BINARY OUTPUT;true (o) false;PUBLICACION;LSST/PISO5/VEA_17/COMANDO_ENCENDIDO;;;No Aplica;No Aplica;No Aplica;No Aplica;No Aplica;No Aplica;No Aplica;No Aplica;No Aplica;;
;;;PISO 05;PP_VEA_01_LSST;;true (o) false;SUSCRIPCION;LSST/PISO5/VEA_01/COMANDO_ENCENDIDO_LSST;;;;;;;;;;;;;
;;;PISO 05;PP_VEA_08_LSST;;true (o) false;SUSCRIPCION;LSST/PISO5/VEA_08/COMANDO_ENCENDIDO_LSST;;;;;;;;;;;;;
;;;PISO 05;PP_VEA_09_LSST;;true (o) false;SUSCRIPCION;LSST/PISO5/VEA_09/COMANDO_ENCENDIDO_LSST;;;;;;;;;;;;;
;;;PISO 05;PP_VEA_10_LSST;;true (o) false;SUSCRIPCION;LSST/PISO5/VEA_10/COMANDO_ENCENDIDO_LSST;;;;;;;;;;;;;
;;;PISO 05;PP_VEA_11_LSST;;true (o) false;SUSCRIPCION;LSST/PISO5/VEA_11/COMANDO_ENCENDIDO_LSST;;;;;;;;;;;;;
;;;PISO 05;PP_VEA_12_LSST;;true (o) false;SUSCRIPCION;LSST/PISO5/VEA_12/COMANDO_ENCENDIDO_LSST;;;;;;;;;;;;;
;;;PISO 05;PP_VEA_13_LSST;;true (o) false;SUSCRIPCION;LSST/PISO5/VEA_13/COMANDO_ENCENDIDO_LSST;;;;;;;;;;;;;
;;;PISO 05;PP_VEA_14_LSST;;true (o) false;SUSCRIPCION;LSST/PISO5/VEA_14/COMANDO_ENCENDIDO_LSST;;;;;;;;;;;;;
;;;PISO 05;PP_VEA_15_LSST;;true (o) false;SUSCRIPCION;LSST/PISO5/VEA_15/COMANDO_ENCENDIDO_LSST;;;;;;;;;;;;;
;;;PISO 05;PP_VEA_16_LSST;;true (o) false;SUSCRIPCION;LSST/PISO5/VEA_16/COMANDO_ENCENDIDO_LSST;;;;;;;;;;;;;
;;;PISO 05;PP_VEA_17_LSST;;true (o) false;SUSCRIPCION;LSST/PISO5/VEA_17/COMANDO_ENCENDIDO_LSST;;;;;;;;;;;;;
;;;;TCC-P4-VEX;;;;;;;;;;;;;;;;;
;;;;;;;;;;;;;;;;;;;;;
TABLERO N°3;CONTROLADOR N°3;I/O;PISO 04;EF_VEX_03;BINARY INPUT;true (o) false;PUBLICACION;LSST/PISO4/VEA_03/ESTADO_FUNCIONAMIENTO;LSST/PISO04/TCC-P4-VEX/#;;No Aplica;No Aplica;No Aplica;No Aplica;No Aplica;No Aplica;No Aplica;No Aplica;No Aplica;;
;;I/O;PISO 04;EF_VEX_04;BINARY INPUT;true (o) false;PUBLICACION;LSST/PISO4/VEA_04/ESTADO_FUNCIONAMIENTO;;;No Aplica;No Aplica;No Aplica;No Aplica;No Aplica;No Aplica;No Aplica;No Aplica;No Aplica;;
;;I/O;PISO 04;FT_VEX_03;BINARY INPUT;true (o) false;PUBLICACION;LSST/PISO4/VEX_03/FALLA_TERMICA;;;No Aplica;No Aplica;No Aplica;No Aplica;No Aplica;No Aplica;No Aplica;No Aplica;No Aplica;;
;;I/O;PISO 04;FT_VEX_04;BINARY INPUT;true (o) false;PUBLICACION;LSST/PISO4/VEX_04/FALLA_TERMICA;;;No Aplica;No Aplica;No Aplica;No Aplica;No Aplica;No Aplica;No Aplica;No Aplica;No Aplica;;
;;I/O;PISO 04;PP_VEX_03;BINARY OUTPUT;true (o) false;PUBLICACION;LSST/PISO4/VEX_03/COMANDO_ENCENDIDO;;;No Aplica;No Aplica;No Aplica;No Aplica;No Aplica;No Aplica;No Aplica;No Aplica;No Aplica;;
;;I/O;PISO 04;PP_VEX_04;BINARY OUTPUT;true (o) false;PUBLICACION;LSST/PISO4/VEX_04/COMANDO_ENCENDIDO;;;No Aplica;No Aplica;No Aplica;No Aplica;No Aplica;No Aplica;No Aplica;No Aplica;No Aplica;;
;;I/O;PISO 04;PP_DAMPER_LOWER;BINARY OUTPUT;true (o) false;PUBLICACION;LSST/PISO4/DAMPER_LOWER/COMANDO;;;No Aplica;No Aplica;No Aplica;No Aplica;No Aplica;No Aplica;No Aplica;No Aplica;No Aplica;;
;;I/O;PISO 04;PP_DAMPER_ZONA_CARGA;BINARY OUTPUT;true (o) false;PUBLICACION;LSST/PISO4/ZONA_CARGACOMANDO_ENCENDIDO;;;No Aplica;No Aplica;No Aplica;No Aplica;No Aplica;No Aplica;No Aplica;No Aplica;No Aplica;;
;;;PISO 04;PP_VEX_03_LSST;;true (o) false;SUSCRIPCION;LSST/PISO4/VEX_03/COMANDO_ENCENDIDO_LSST;;;;;;;;;;;;;
;;;PISO 04;PP_VEX_04_LSST;;true (o) false;SUSCRIPCION;LSST/PISO4/VEX_04/COMANDO_ENCENDIDO_LSST;;;;;;;;;;;;;
;;;;INTEGRACION CHILLER N°1,2,3;;;;;;;;;;;;;;;;;
;;;;;;;;;;;;;;;;;;;;;
TABLERO N°1;CONTROLADOR N°1 INTEGRACION COM RS 485 BACNET;I/O;PISO 01;Current_Temp_Set;ANALOG VALUE;EJ: 22,0;PUBLICACION;LSST/PISO1/CHILLER_01/SETPOINT_ACTIVO;LSST/PISO01/CHILLER01/#;;No Aplica;No Aplica;No Aplica;No Aplica;No Aplica;No Aplica;No Aplica;No Aplica;No Aplica;;
;;I/O;PISO 01;Ain_Out_Temp_Cond;ANALOG INPUT;EJ: 22,0;PUBLICACION;LSST/PISO1/CHILLER_01/TEMPERATURA_AGUA_RETORNO_EVAPORADOR;;;No Aplica;No Aplica;No Aplica;No Aplica;No Aplica;No Aplica;No Aplica;No Aplica;No Aplica;;
;;I/O;PISO 01;Ain_In_Temp_Rec;ANALOG INPUT;EJ: 22,0;PUBLICACION;LSST/PISO1/CHILLER_01/TEMPERATURA_AGUA_IMPULSION_EVAPORADOR;;;No Aplica;No Aplica;No Aplica;No Aplica;No Aplica;No Aplica;No Aplica;No Aplica;No Aplica;;
;;I/O;PISO 01;Ain_Low_Press_Circ1;ANALOG INPUT;EJ: 22,0;PUBLICACION;LSST/PISO1/CHILLER_01/PRESION_BAJA_CTO1;;;No Aplica;No Aplica;No Aplica;No Aplica;No Aplica;No Aplica;No Aplica;No Aplica;No Aplica;;
;;I/O;PISO 01;Ain_Low_Press_Circ2;ANALOG INPUT;EJ: 22,0;PUBLICACION;LSST/PISO1/CHILLER_01/PRESION_BAJA_CTO2;;;No Aplica;No Aplica;No Aplica;No Aplica;No Aplica;No Aplica;No Aplica;No Aplica;No Aplica;;
;;I/O;PISO 01;PP_CHILLER_01;BINARY OUTPUT;true (o) false;PUBLICACION;LSST/PISO1/CHILLER_01/COMANDO_ENCENDIDO;;;No Aplica;No Aplica;No Aplica;No Aplica;No Aplica;No Aplica;No Aplica;No Aplica;No Aplica;;
;;I/O;PISO 01;I036 (POTENCIA DISPONIBLE CHILLER);ANALOG VALUE;EJ: 22,0;PUBLICACION;LSST/PISO1/CHILLER_01/POTENCIA_DISPONIBLE_CHILLER;;;No Aplica;No Aplica;No Aplica;No Aplica;No Aplica;No Aplica;No Aplica;No Aplica;No Aplica;;
;;I/O;PISO 01;I035 (% POTENCIA DE TRABAJO);ANALOG VALUE;EJ: 22,0;PUBLICACION;LSST/PISO1/CHILLER_01/%POTENCIA_TRABAJO;;;No Aplica;No Aplica;No Aplica;No Aplica;No Aplica;No Aplica;No Aplica;No Aplica;No Aplica;;
;;I/O;PISO 01;EF  (ESTADO FUNCIONAMIENTO);ANALOG INPUT;EJ: 22,0;PUBLICACION;LSST/PISO1/CHILLER_01/ESTADO_FUNCIONAMIENTO;;;No Aplica;No Aplica;No Aplica;No Aplica;No Aplica;No Aplica;No Aplica;No Aplica;No Aplica;;
;;I/O;PISO 01;MODO_OPERACION;ANALOG VALUE;EJ: 22,0;PUBLICACION;LSST/PISO1/CHILLER_01/MODO_OPERACION;;;No Aplica;No Aplica;No Aplica;No Aplica;No Aplica;No Aplica;No Aplica;No Aplica;No Aplica;;
;;I/O;PISO 01;ESTADO_UNIDAD;ANALOG VALUE;EJ: 22,0;PUBLICACION;LSST/PISO1/CHILLER_01/ESTADO_UNIDAD;;;No Aplica;No Aplica;No Aplica;No Aplica;No Aplica;No Aplica;No Aplica;No Aplica;No Aplica;;
;;I/O;PISO 01;HORAS_COMP_PROMEDIO;ANALOG VALUE;EJ: 22,0;PUBLICACION;LSST/PISO1/CHILLER_01/HORAS_COMPRESOR_PROMEDIO;;;No Aplica;No Aplica;No Aplica;No Aplica;No Aplica;No Aplica;No Aplica;No Aplica;No Aplica;;
;;I/O;PISO 01;HORAS_COMP_01;ANALOG VALUE;EJ: 22,0;PUBLICACION;LSST/PISO1/CHILLER_01/HORAS_COMPRESOR_01;;;No Aplica;No Aplica;No Aplica;No Aplica;No Aplica;No Aplica;No Aplica;No Aplica;No Aplica;;
;;I/O;PISO 01;HORAS_COMP_02;ANALOG VALUE;EJ: 22,0;PUBLICACION;LSST/PISO1/CHILLER_01/HORAS_COMPRESOR_02;;;No Aplica;No Aplica;No Aplica;No Aplica;No Aplica;No Aplica;No Aplica;No Aplica;No Aplica;;
;;I/O;PISO 01;HORAS_COMP_03;ANALOG VALUE;EJ: 22,0;PUBLICACION;LSST/PISO1/CHILLER_01/HORAS_COMPRESOR_03;;;No Aplica;No Aplica;No Aplica;No Aplica;No Aplica;No Aplica;No Aplica;No Aplica;No Aplica;;
;;I/O;PISO 01;HORAS_COMP_04;ANALOG VALUE;EJ: 22,0;PUBLICACION;LSST/PISO1/CHILLER_01/HORAS_COMPRESOR_04;;;No Aplica;No Aplica;No Aplica;No Aplica;No Aplica;No Aplica;No Aplica;No Aplica;No Aplica;;
;;I/O;PISO 01;STATUS_COMP_01;BINARY INPUT;true (o) false;PUBLICACION;LSST/PISO1/CHILLER_01/COMPRESOR_01_FUNCIONANDO;;;No Aplica;No Aplica;No Aplica;No Aplica;No Aplica;No Aplica;No Aplica;No Aplica;No Aplica;;
;;I/O;PISO 01;STATUS_COMP_02;BINARY INPUT;true (o) false;PUBLICACION;LSST/PISO1/CHILLER_01/COMPRESOR_02_FUNCIONANDO;;;No Aplica;No Aplica;No Aplica;No Aplica;No Aplica;No Aplica;No Aplica;No Aplica;No Aplica;;
;;I/O;PISO 01;STATUS_COMP_03;BINARY INPUT;true (o) false;PUBLICACION;LSST/PISO1/CHILLER_01/COMPRESOR_03_FUNCIONANDO;;;No Aplica;No Aplica;No Aplica;No Aplica;No Aplica;No Aplica;No Aplica;No Aplica;No Aplica;;
;;I/O;PISO 01;STATUS_COMP_04;BINARY INPUT;true (o) false;PUBLICACION;LSST/PISO1/CHILLER_01/COMPRESOR_04_FUNCIONANDO;;;No Aplica;No Aplica;No Aplica;No Aplica;No Aplica;No Aplica;No Aplica;No Aplica;No Aplica;;
;;I/O;PISO 01;ALARMA_COMPRESOR_01;PRESENT VALUE;true (o) false;PUBLICACION;LSST/PISO1/CHILLER_01/COMPRESOR_01_ALARMADO;;;No Aplica;No Aplica;No Aplica;No Aplica;No Aplica;No Aplica;No Aplica;No Aplica;No Aplica;;
;;I/O;PISO 01;ALARMA_COMPRESOR_02;PRESENT VALUE;true (o) false;PUBLICACION;LSST/PISO1/CHILLER_01/COMPRESOR_02_ALARMADO;;;No Aplica;No Aplica;No Aplica;No Aplica;No Aplica;No Aplica;No Aplica;No Aplica;No Aplica;;
;;I/O;PISO 01;ALARMA_COMPRESOR_03;PRESENT VALUE;true (o) false;PUBLICACION;LSST/PISO1/CHILLER_01/COMPRESOR_03_ALARMADO;;;No Aplica;No Aplica;No Aplica;No Aplica;No Aplica;No Aplica;No Aplica;No Aplica;No Aplica;;
;;I/O;PISO 01;ALARMA_COMPRESOR_04;PRESENT VALUE;true (o) false;PUBLICACION;LSST/PISO1/CHILLER_01/COMPRESOR_04_ALARMADO;;;No Aplica;No Aplica;No Aplica;No Aplica;No Aplica;No Aplica;No Aplica;No Aplica;No Aplica;;
;;I/O;PISO 01;ALARMA_GENERAL;PRESENT VALUE;true (o) false;PUBLICACION;LSST/PISO1/CHILLER_01/ALARMA_GENERAL;;;No Aplica;No Aplica;No Aplica;No Aplica;No Aplica;No Aplica;No Aplica;No Aplica;No Aplica;;
;;;;Current_Temp_Set_LSST;;EJ: 22,0;SUSCRIPCION;LSST/PISO1/CHILLER_01/SETPOINT_ACTIVO_LSST;;;;;;;;;;;;;
;;;;PP_CHILLER_01_LSST;;true (o) false;SUSCRIPCION;LSST/PISO1/CHILLER_01/COMANDO_ENCENDIDO_LSST;;;;;;;;;;;;;
;;;;INTEGRACION EQUIPO CRACK 1,2;;;;;;;;;;;;;;;;;
;;;;;;;;;;;;;;;;;;;;;
TABLERO PISO N°1 JACE ;INTEGRACION TCP/IP BACNET HACIA JACE PISO 01;I/O;PISO 02;TEMP_INYECCION;ANALOG VALUE;EJ: 22,0;PUBLICACION;LSST/PISO2/CRACK01/TEMPERATURA_INYECCION;LSST/PISO02/CRACK01/#;;No Aplica;No Aplica;No Aplica;No Aplica;No Aplica;No Aplica;No Aplica;No Aplica;No Aplica;;
;;I/O;PISO 02;TEMP_RETORNO;ANALOG VALUE;EJ: 22,0;PUBLICACION;LSST/PISO2/CRACK01/TEMPERATURA_RETORNO;;;No Aplica;No Aplica;No Aplica;No Aplica;No Aplica;No Aplica;No Aplica;No Aplica;No Aplica;;
;;I/O;PISO 02;%HUMEDAD_SALA;ANALOG VALUE;EJ: 22,0;PUBLICACION;LSST/PISO2/CRACK01/%HUMEDAD_SALA;;;No Aplica;No Aplica;No Aplica;No Aplica;No Aplica;No Aplica;No Aplica;No Aplica;No Aplica;;
;;I/O;PISO 02;SETPOINT_HUMIDIF;ANALOG VALUE;EJ: 22,0;PUBLICACION;LSST/PISO2/CRACK01/SETPOINT_HUMIDIFICADOR;;;No Aplica;No Aplica;No Aplica;No Aplica;No Aplica;No Aplica;No Aplica;No Aplica;No Aplica;;
;;I/O;PISO 02;SETPOINT_DESHUMIF;ANALOG VALUE;EJ: 22,0;PUBLICACION;LSST/PISO2/CRACK01/SETPOINT_DESHUMIDIFICADOR;;;No Aplica;No Aplica;No Aplica;No Aplica;No Aplica;No Aplica;No Aplica;No Aplica;No Aplica;;
;;I/O;PISO 02;SET_POINT_COOLING;ANALOG VALUE;EJ: 22,0;PUBLICACION;LSST/PISO2/CRACK01/SET_POINT_COOLING;;;No Aplica;No Aplica;No Aplica;No Aplica;No Aplica;No Aplica;No Aplica;No Aplica;No Aplica;;
;;I/O;PISO 02;SET_POINT_HEATING;ANALOG VALUE;EJ: 22,0;PUBLICACION;LSST/PISO2/CRACK01/SET_POINT_HEATING;;;No Aplica;No Aplica;No Aplica;No Aplica;No Aplica;No Aplica;No Aplica;No Aplica;No Aplica;;
;;I/O;PISO 02;%APERTURA_VALVULA;ANALOG VALUE;EJ: 22,0;PUBLICACION;LSST/PISO2/CRACK01/%APERTURA_VALVULA;;;No Aplica;No Aplica;No Aplica;No Aplica;No Aplica;No Aplica;No Aplica;No Aplica;No Aplica;;
;;I/O;PISO 02;REQUERIMIENTO_HUMIFICADOR;ANALOG VALUE;EJ: 22,0;PUBLICACION;LSST/PISO2/CRACK01/REQUERIMIENTO_HUMIFICADOR;;;No Aplica;No Aplica;No Aplica;No Aplica;No Aplica;No Aplica;No Aplica;No Aplica;No Aplica;;
;;I/O;PISO 03;EST_FUN;BINARY VALUE;true (o) false;PUBLICACION;LSST/PISO2/CRACK01/ESTADO_FUNCIONAMIENTO;;;;;;;;;;;;;
;;I/O;PISO 02;ESTADO DE UNIDAD;ANALOG VALUE;EJ: 22,0;PUBLICACION;LSST/PISO2/CRACK01/ESTADO DE UNIDAD;;;No Aplica;No Aplica;No Aplica;No Aplica;No Aplica;No Aplica;No Aplica;No Aplica;No Aplica;;
;;I/O;PISO 02;MODO_OPERACION_UNIDAD;ANALOG VALUE;EJ: 22,0;PUBLICACION;LSST/PISO2/CRACK01/MODO_OPERACION_UNIDAD;;;No Aplica;No Aplica;No Aplica;No Aplica;No Aplica;No Aplica;No Aplica;No Aplica;No Aplica;;
;;I/O;PISO 02;PRESENCIA_ALARMA;BINARY VALUE;true (o) false;PUBLICACION;LSST/PISO2/CRACK01/ESTADO_PRESENCIA_ALARMA;;;No Aplica;No Aplica;No Aplica;No Aplica;No Aplica;No Aplica;No Aplica;No Aplica;No Aplica;;
;;I/O;PISO 02;NUMERO_CIRCUITOS;ANALOG VALUE;EJ: 22,0;PUBLICACION;LSST/PISO2/CRACK01/NUMERO_CIRCUITOS;;;No Aplica;No Aplica;No Aplica;No Aplica;No Aplica;No Aplica;No Aplica;No Aplica;No Aplica;;
;;I/O;PISO 02;PP_SEL_PRECISION_01;BINARY OUTPUT;true (o) false;PUBLICACION;LSST/PISO2/CRACK01/COMANDO_ENCENDIDO;;;No Aplica;No Aplica;No Aplica;No Aplica;No Aplica;No Aplica;No Aplica;No Aplica;No Aplica;;
;;;;SETPOINT_HUMIDIF_LSST;;EJ: 22,0;SUSCRIPCION;LSST/PISO2/CRACK01/SETPOINT_HUMIDIFICADOR_LSST;;;;;;;;;;;;;
;;;;SETPOINT_DESHUMIF_LSST;;EJ: 22,0;SUSCRIPCION;LSST/PISO2/CRACK01/SETPOINT_DESHUMIDIFICADOR_LSST;;;;;;;;;;;;;
;;;;SET_POINT_COOLING_LSST;;EJ: 22,0;SUSCRIPCION;LSST/PISO2/CRACK01/SET_POINT_COOLING_LSST;;;;;;;;;;;;;
;;;;SET_POINT_HEATING_LSST;;EJ: 22,0;SUSCRIPCION;LSST/PISO2/CRACK01/SET_POINT_HEATING_LSST;;;;;;;;;;;;;
;;;;PP_SEL_PRECISION_01_LSST;;true (o) false;SUSCRIPCION;LSST/PISO2/CRACK01/COMANDO_ENCENDIDO_LSST;;;;;;;;;;;;;
;;;;INTEGRACION EQUIPOS FANCOIL 1 AL 12 ;;;;;;;;;;;;;;;;;
;;;;;;;;;;;;;;;;;;;;;
TABLERO PISO N°1 JACE ;INTEGRACION TCP/IP BACNET HACIA JACE PISO 01;I/O;PISO 1 AL 12;ROOM TEMP;BINARY INPUT;true (o) false;PUBLICACION;LSST/PISO2/FANCOIL01/TEMPERATURA_SALA;LSST/PISO02/FANCOIL01/#;;No Aplica;No Aplica;No Aplica;No Aplica;No Aplica;No Aplica;No Aplica;No Aplica;No Aplica;;
;;I/O;PISO 1 AL 12;HEAT.COOL;BINARY OUTPUT;true (o) false;PUBLICACION;LSST/PISO2/FANCOIL01/ESTADO_OPERACION;;;No Aplica;No Aplica;No Aplica;No Aplica;No Aplica;No Aplica;No Aplica;No Aplica;No Aplica;;
;;I/O;PISO 1 AL 12;HTG STG 1;BINARY OUTPUT;true (o) false;PUBLICACION;LSST/PISO2/FANCOIL01/ESTADO_CALEFACTOR;;;No Aplica;No Aplica;No Aplica;No Aplica;No Aplica;No Aplica;No Aplica;No Aplica;No Aplica;;
;;I/O;PISO 1 AL 12;FAN;BINARY OUTPUT;true (o) false;PUBLICACION;LSST/PISO2/FANCOIL01/ESTADO_VENTILADOR;;;No Aplica;No Aplica;No Aplica;No Aplica;No Aplica;No Aplica;No Aplica;No Aplica;No Aplica;;
;;I/O;PISO 1 AL 12;VLV POS;ANALOG OUTPUT;EJ: 22,0;PUBLICACION;LSST/PISO2/FANCOIL01/%_APERTURA_VALVULA_FRIO;;;No Aplica;No Aplica;No Aplica;No Aplica;No Aplica;No Aplica;No Aplica;No Aplica;No Aplica;;
;;I/O;PISO 1 AL 12;DAY CLG STPT;ANALOG OUTPUT;EJ: 22,0;PUBLICACION;LSST/PISO2/FANCOIL01/SETPOINT_COOLING_DAY;;;No Aplica;No Aplica;No Aplica;No Aplica;No Aplica;No Aplica;No Aplica;No Aplica;No Aplica;;
;;I/O;PISO 1 AL 12;DAY HTG STPT;ANALOG OUTPUT;EJ: 22,0;PUBLICACION;LSST/PISO2/FANCOIL01/SETPOINT_HEATING_DAY;;;No Aplica;No Aplica;No Aplica;No Aplica;No Aplica;No Aplica;No Aplica;No Aplica;No Aplica;;
;;I/O;PISO 1 AL 12;NGT CLG STPT;ANALOG OUTPUT;EJ: 22,0;PUBLICACION;LSST/PISO2/FANCOIL01/SETPOINT_COOLING_NIGHT;;;No Aplica;No Aplica;No Aplica;No Aplica;No Aplica;No Aplica;No Aplica;No Aplica;No Aplica;;
;;I/O;PISO 1 AL 12;NGT HTG STPT;ANALOG OUTPUT;EJ: 22,0;PUBLICACION;LSST/PISO2/FANCOIL01/SETPOINT_HEATING_NIGHT;;;No Aplica;No Aplica;No Aplica;No Aplica;No Aplica;No Aplica;No Aplica;No Aplica;No Aplica;;
;;I/O;PISO 1 AL 12;CTL STPT;ANALOG OUTPUT;EJ: 22,0;PUBLICACION;LSST/PISO2/FANCOIL01/SETPOINT_TRABAJO;;;No Aplica;No Aplica;No Aplica;No Aplica;No Aplica;No Aplica;No Aplica;No Aplica;No Aplica;;
;;I/O;PISO 1 AL 12;PP_selector;BINARY OUTPUT;true (o) false;PUBLICACION;LSST/PISO2/FANCOIL01/COMANDO_ENCENDIDO;;;No Aplica;No Aplica;No Aplica;No Aplica;No Aplica;No Aplica;No Aplica;No Aplica;No Aplica;;
;;;PISO 1 AL 12;VLV POS_LSST;;EJ: 22,0;SUSCRIPCION;LSST/PISO2/FANCOIL01/%_APERTURA_VALVULA_FRIO_LSST;;;;;;;;;;;;;
;;;PISO 1 AL 12;DAY CLG STPT_LSST;;EJ: 22,0;SUSCRIPCION;LSST/PISO2/FANCOIL01/SETPOINT_COOLING_DAY_LSST;;;;;;;;;;;;;
;;;PISO 1 AL 12;DAY HTG STPT_LSST;;EJ: 22,0;SUSCRIPCION;LSST/PISO2/FANCOIL01/SETPOINT_HEATING_DAY_LSST;;;;;;;;;;;;;
;;;PISO 1 AL 12;NGT CLG STPT_LSST;;EJ: 22,0;SUSCRIPCION;LSST/PISO2/FANCOIL01/SETPOINT_COOLING_NIGHT_LSST;;;;;;;;;;;;;
;;;PISO 1 AL 12;NGT HTG STPT_LSST;;EJ: 22,0;SUSCRIPCION;LSST/PISO2/FANCOIL01/SETPOINT_HEATING_NIGHT_LSST;;;;;;;;;;;;;
;;;PISO 1 AL 12;CTL STPT_LSST;;EJ: 22,0;SUSCRIPCION;LSST/PISO2/FANCOIL01/SETPOINT_TRABAJO_LSST;;;;;;;;;;;;;
;;;PISO 1 AL 12;PP_selector_LSST;;true (o) false;SUSCRIPCION;LSST/PISO2/FANCOIL01/COMANDO_ENCENDIDO_LSST;;;;;;;;;;;;;
;;;;INTEGRACION EQUIPOS MANEJADORAS LOWER 1 AL 4;;;;;;;;;;;;;;;;;
;;;;;;;;;;;;;;;;;;;;;
TABLERO PISO N°2 TC 36 PIR;INTEGRACION CONTROLADOR N°2 TCC-P5-PIR BACNET RS 485;I/O;PISO 5;VALOR_CONSIGNA;ANALOG VALUE;EJ: 22,0;PUBLICACION;LSST/PISO5/MANEJADORA/LOWER_01/VALOR_CONSIGNA;LSST/PISO05/MANEJADORA/LOWER_01/#;;No Aplica;No Aplica;No Aplica;No Aplica;No Aplica;No Aplica;No Aplica;No Aplica;No Aplica;;
;;I/O;PISO 5;SET_POINT_TRABAJO;ANALOG VALUE;EJ: 22,0;PUBLICACION;LSST/PISO5/MANEJADORA/LOWER_01/SETPOINT_TRABAJO;;;No Aplica;No Aplica;No Aplica;No Aplica;No Aplica;No Aplica;No Aplica;No Aplica;No Aplica;;
;;I/O;PISO 5;SET_POINT_VENTILADOR_MINIMO;ANALOG VALUE;EJ: 22,0;PUBLICACION;LSST/PISO5/MANEJADORA/LOWER_01/SETPOINT_VENTILADOR_MIN;;;No Aplica;No Aplica;No Aplica;No Aplica;No Aplica;No Aplica;No Aplica;No Aplica;No Aplica;;
;;I/O;PISO 5;SET_POINT_VENTILADOR_MAXIMO;ANALOG VALUE;EJ: 22,0;PUBLICACION;LSST/PISO5/MANEJADORA/LOWER_01/SETPOINT_VENTILADOR_MAX;;;No Aplica;No Aplica;No Aplica;No Aplica;No Aplica;No Aplica;No Aplica;No Aplica;No Aplica;;
;;I/O;PISO 5;SET_POINT_VENT_IMPULSION;ANALOG VALUE;EJ: 22,0;PUBLICACION;LSST/PISO5/MANEJADORA/LOWER_01/SET_POINT_VENT_IMPULSION;;;No Aplica;No Aplica;No Aplica;No Aplica;No Aplica;No Aplica;No Aplica;No Aplica;No Aplica;;
;;I/O;PISO 5;TEMP_ANTICONGELANTE;ANALOG VALUE;EJ: 22,0;PUBLICACION;LSST/PISO5/MANEJADORA/LOWER_01/TEMPERATURA_ANTICONGELANTE;;;No Aplica;No Aplica;No Aplica;No Aplica;No Aplica;No Aplica;No Aplica;No Aplica;No Aplica;;
;;I/O;PISO 5;TEMP_IMPULSION;ANALOG VALUE;EJ: 22,0;PUBLICACION;LSST/PISO5/MANEJADORA/LOWER_01/TEMPERATURA_INYECCION;;;No Aplica;No Aplica;No Aplica;No Aplica;No Aplica;No Aplica;No Aplica;No Aplica;No Aplica;;
;;I/O;PISO 5;TEMP_RECUPERACION;ANALOG VALUE;EJ: 22,0;PUBLICACION;LSST/PISO5/MANEJADORA/LOWER_01/TEMPERATURA_RETORNO;;;No Aplica;No Aplica;No Aplica;No Aplica;No Aplica;No Aplica;No Aplica;No Aplica;No Aplica;;
;;I/O;PISO 5;SERIUS_ALARMA;BINARY VALUE;true (o) false;PUBLICACION;LSST/PISO5/MANEJADORA/LOWER_01/ALARMA_GENERAL;;;No Aplica;No Aplica;No Aplica;No Aplica;No Aplica;No Aplica;No Aplica;No Aplica;No Aplica;;
;;I/O;PISO 5;ALARMA_FILTRO;BINARY VALUE;true (o) false;PUBLICACION;LSST/PISO5/MANEJADORA/LOWER_01/ALARMA_FILTRO;;;No Aplica;No Aplica;No Aplica;No Aplica;No Aplica;No Aplica;No Aplica;No Aplica;No Aplica;;
;;I/O;PISO 5;ESTADO_FUN;BINARY VALUE;true (o) false;PUBLICACION;LSST/PISO5/MANEJADORA/LOWER_01/ESTADO_FUNCIONAMIENTO;;;No Aplica;No Aplica;No Aplica;No Aplica;No Aplica;No Aplica;No Aplica;No Aplica;No Aplica;;
;;I/O;PISO 5;ESTADO_DAMPER;BINARY VALUE;true (o) false;PUBLICACION;LSST/PISO5/MANEJADORA/LOWER_01/ESTADO_DAMPER;;;No Aplica;No Aplica;No Aplica;No Aplica;No Aplica;No Aplica;No Aplica;No Aplica;No Aplica;;
;;I/O;PISO 5;RESET_ALARMA;BINARY VALUE;true (o) false;PUBLICACION;LSST/PISO5/MANEJADORA/LOWER_01/RESET_ALARMA;;;No Aplica;No Aplica;No Aplica;No Aplica;No Aplica;No Aplica;No Aplica;No Aplica;No Aplica;;
;;I/O;PISO 5;TEMP_AMBIENTE&EXTERIOR;BINARY VALUE;true (o) false;PUBLICACION;LSST/PISO5/MANEJADORA/LOWER_01/TEMPERATURA_AMBIENTE&EXTERIOR;;;No Aplica;No Aplica;No Aplica;No Aplica;No Aplica;No Aplica;No Aplica;No Aplica;No Aplica;;
;;I/O;PISO 5;ESTADO_VALVULA;BINARY VALUE;true (o) false;PUBLICACION;LSST/PISO5/MANEJADORA/LOWER_01/ESTADO_VALVULA;;;No Aplica;No Aplica;No Aplica;No Aplica;No Aplica;No Aplica;No Aplica;No Aplica;No Aplica;;
;;I/O;PISO 5;MED_CAUDAL;BINARY VALUE;true (o) false;PUBLICACION;LSST/PISO5/MANEJADORA/LOWER_01/CAUDAL_VENTILADOR_IMPULSION;;;No Aplica;No Aplica;No Aplica;No Aplica;No Aplica;No Aplica;No Aplica;No Aplica;No Aplica;;
;;I/O;PISO 5;SEL_UMA_01;BINARY OUTPUT;true (o) false;PUBLICACION;LSST/PISO5/MANEJADORA/LOWER_01/COMANDO_ENCENDIDO;;;No Aplica;No Aplica;No Aplica;No Aplica;No Aplica;No Aplica;No Aplica;No Aplica;No Aplica;;
;;;;SET_POINT_TRABAJO_LSST;;EJ: 22,0;SUSCRIPCION;LSST/PISO5/MANEJADORA/LOWER_01/SETPOINT_TRABAJO_LSST;;;;;;;;;;;;;
;;;;SET_POINT_VENTILADOR_MINIMO_LSST;;EJ: 22,0;SUSCRIPCION;LSST/PISO5/MANEJADORA/LOWER_01/SETPOINT_VENTILADOR_MIN_LSST;;;;;;;;;;;;;
;;;;SET_POINT_VENTILADOR_MAXIMO_LSST;;EJ: 22,0;SUSCRIPCION;LSST/PISO5/MANEJADORA/LOWER_01/SETPOINT_VENTILADOR_MAX_LSST;;;;;;;;;;;;;
;;;;SET_POINT_VENT_IMPULSION_LSST;;EJ: 22,0;SUSCRIPCION;LSST/PISO5/MANEJADORA/LOWER_01/TEMPERATURA_ANTICONGELANTE_LSST;;;;;;;;;;;;;
;;;;SEL_UMA_01_LSST;;true (o) false;SUSCRIPCION;LSST/PISO5/MANEJADORA/LOWER_01/COMANDO_ENCENDIDO_LSST;;;;;;;;;;;;;
;;;;INTEGRACION EQUIPOS MANEJADORAS LOWER 5 Y 6 SALA LIMPIA Y BLANCA;;;;;;;;;;;;;;;;;
;;;;;;;;;;;;;;;;;;;;;
TABLERO PISO N°1 JACE ;INTEGRACION MSTP BACNET HACIA JACE PISO 01;I/O;PISO 4;CONSIGNA;ANALOG VALUE;EJ: 22,0;PUBLICACION;LSST/PISO4/MANEJADORA/SBLANCA/VALOR_CONSIGNA;LSST/PISO04/MANEJADORA/SBLANCA/#;;No Aplica;No Aplica;No Aplica;No Aplica;No Aplica;No Aplica;No Aplica;No Aplica;No Aplica;;
;;I/O;PISO 4;ESTADO_FUN;BINARY VALUE;true (o) false;PUBLICACION;LSST/PISO4/MANEJADORA/SBLANCA/ESTADO_FUNCIONAMIENTO;;;No Aplica;No Aplica;No Aplica;No Aplica;No Aplica;No Aplica;No Aplica;No Aplica;No Aplica;;
;;I/O;PISO 4;ROOM TEMP;ANALOG VALUE;EJ: 22,0;PUBLICACION;LSST/PISO4/MANEJADRA/SBLANCA/ESTADO_TEMPERATURA_AMBIENTE;;;No Aplica;No Aplica;No Aplica;No Aplica;No Aplica;No Aplica;No Aplica;No Aplica;No Aplica;;
;;I/O;PISO 4;TEMP_EXTERNA;ANALOG VALUE;EJ: 22,0;PUBLICACION;LSST/PISO4/MANEJADORA/SBLANCA/ESTADO_TEMPERATURA_EXTERIOR;;;No Aplica;No Aplica;No Aplica;No Aplica;No Aplica;No Aplica;No Aplica;No Aplica;No Aplica;;
;;I/O;PISO 4;TEMP_ANTIFREEZE;ANALOG VALUE;EJ: 22,0;PUBLICACION;LSST/PISO4/MANEJADORA/SBLANCA/ESTADO_TEMPERATURA_ANTICONGELANTE;;;No Aplica;No Aplica;No Aplica;No Aplica;No Aplica;No Aplica;No Aplica;No Aplica;No Aplica;;
;;I/O;PISO 4;VALOR_CONSIGNA;ANALOG VALUE;EJ: 22,0;PUBLICACION;LSST/PISO4/MANEJADORA/SBLANCA/VALOR_CONSIGNA;;;No Aplica;No Aplica;No Aplica;No Aplica;No Aplica;No Aplica;No Aplica;No Aplica;No Aplica;;
;;I/O;PISO 4;SET_POINT_TRABAJO;ANALOG VALUE;EJ: 22,0;PUBLICACION;LSST/PISO4/MANEJADORA/SBLANCA/SETPOINT_TRABAJO;;;No Aplica;No Aplica;No Aplica;No Aplica;No Aplica;No Aplica;No Aplica;No Aplica;No Aplica;;
;;I/O;PISO 4;TEMP_IMPULSION;ANALOG VALUE;EJ: 22,0;PUBLICACION;LSST/PISO4/MANEJADORA/SBLANCA/TEMPERATURA_INYECCION;;;No Aplica;No Aplica;No Aplica;No Aplica;No Aplica;No Aplica;No Aplica;No Aplica;No Aplica;;
;;I/O;PISO 4;TEMP_RECUPERACION;ANALOG VALUE;EJ: 22,0;PUBLICACION;LSST/PISO4/MANEJADORA/SBLANCA/TEMPERATURA_RETORNO;;;No Aplica;No Aplica;No Aplica;No Aplica;No Aplica;No Aplica;No Aplica;No Aplica;No Aplica;;
;;I/O;PISO 4;SERIUS_ALARMA;BINARY VALUE;true (o) false;PUBLICACION;LSST/PISO4/MANEJADORA/SBLANCA/ALARMA_GENERAL;;;No Aplica;No Aplica;No Aplica;No Aplica;No Aplica;No Aplica;No Aplica;No Aplica;No Aplica;;
;;I/O;PISO 4;ALARMA_FILTRO;BINARY VALUE;true (o) false;PUBLICACION;LSST/PISO4/MANEJADORA/SBLANCA/ALARMA_FILTRO;;;No Aplica;No Aplica;No Aplica;No Aplica;No Aplica;No Aplica;No Aplica;No Aplica;No Aplica;;
;;I/O;PISO 4;RESET_ALARMA;BINARY VALUE;true (o) false;PUBLICACION;LSST/PISO4/MANEJADORA/SBLANCA/RESET_ALARMA;;;No Aplica;No Aplica;No Aplica;No Aplica;No Aplica;No Aplica;No Aplica;No Aplica;No Aplica;;
;;I/O;PISO 4;ESTADO_VALVULA;BINARY VALUE;true (o) false;PUBLICACION;LSST/PISO4/MANEJADORA/SBLANCA/ESTADO_VALVULA;;;No Aplica;No Aplica;No Aplica;No Aplica;No Aplica;No Aplica;No Aplica;No Aplica;No Aplica;;
;;I/O;PISO 4;CALECFACCION_ETAPA_01;BINARY VALUE;true (o) false;PUBLICACION;LSST/PISO4/MANEJADORA/SBLANCA/CALEFACCION_ETAPA_01;;;No Aplica;No Aplica;No Aplica;No Aplica;No Aplica;No Aplica;No Aplica;No Aplica;No Aplica;;
;;I/O;PISO 4;CALECFACCION_ETAPA_02;BINARY VALUE;true (o) false;PUBLICACION;LSST/PISO4/MANEJADORA/SBLANCA/CALEFACCION_ETAPA_02;;;No Aplica;No Aplica;No Aplica;No Aplica;No Aplica;No Aplica;No Aplica;No Aplica;No Aplica;;
;;I/O;PISO 4;MED_CAUDAL;ANALOG VALUE;EJ: 22,0;PUBLICACION;LSST/PISO4/MANEJADORA/SBLANCA/CAUDAL_VENTILADOR_IMPULSION;;;No Aplica;No Aplica;No Aplica;No Aplica;No Aplica;No Aplica;No Aplica;No Aplica;No Aplica;;
;;I/O;PISO 4;SET_POINT_VENTILADOR_MINIMO;ANALOG VALUE;EJ: 22,0;PUBLICACION;LSST/PISO4/MANEJADORA/SBLANCA/SETPOINT_VENTILADOR_MIN;;;No Aplica;No Aplica;No Aplica;No Aplica;No Aplica;No Aplica;No Aplica;No Aplica;No Aplica;;
;;I/O;PISO 4;SET_POINT_VENT_MAXIMO;ANALOG VALUE;EJ: 22,0;PUBLICACION;LSST/PISO4/MANEJADORA/SBLANCA/SETPOINT_VENTILADOR_MAX;;;No Aplica;No Aplica;No Aplica;No Aplica;No Aplica;No Aplica;No Aplica;No Aplica;No Aplica;;
;;I/O;PISO 4;PP_UMA_05;BINARY OUTPUT;true (o) false;PUBLICACION;LSST/PISO4/MANEJADORA/SBLANCA/COMANDO_ENCENDIDO;;;No Aplica;No Aplica;No Aplica;No Aplica;No Aplica;No Aplica;No Aplica;No Aplica;No Aplica;;
;;;;CONSIGNA_LSST;;EJ: 22,0;SUSCRIPCION;LSST/PISO4/MANEJADORA/SBLANCA/VALOR_CONSIGNA_LSST;;;;;;;;;;;;;
;;;;SET_POINT_VENTILADOR_MINIMO_LSST;;EJ: 22,0;SUSCRIPCION;LSST/PISO4/MANEJADORA/SBLANCA/SETPOINT_VENTILADOR_MIN_LSST;;;;;;;;;;;;;
;;;;SET_POINT_VENT_MAXIMO_LSST;;EJ: 22,0;SUSCRIPCION;LSST/PISO4/MANEJADORA/SBLANCA/SETPOINT_VENTILADOR_MAX_LSST;;;;;;;;;;;;;
;;;;PP_UMA_05_LSST;;true (o) false;SUSCRIPCION;LSST/PISO4/MANEJADORA/SBLANCA/COMANDO_ENCENDIDO_LSST;;;;;;;;;;;;;
;;;;INTEGRACION EQUIPOS CONTROLADORES TEC MANEJADORAS 5 Y 6 SALA LIMPIA Y BLANCA;;;;;;;;;;;;;;;;;
;;;;;;;;;;;;;;;;;;;;;
;;I/O;PISO 4;ROOM TEMP_SALA_LIMPIA;ANALOG INPUT;;PUBLICACION;LSST/PISO4/MANEJADORA/SLIMPIA/TEMPERATURA_SALA;LSST/PISO04/MANEJADORA/SLIMPIA/#;;No Aplica;No Aplica;No Aplica;No Aplica;No Aplica;No Aplica;No Aplica;No Aplica;No Aplica;;
;;I/O;PISO 4;ROOM TEMP_SALA_BLANCA;ANALOG INPUT;;PUBLICACION;LSST/PISO4/MANEJADORA/SBLANCA/TEMPERATURA_SALA;LSST/PISO04/MANEJADORA/SBLANCA/#;;No Aplica;No Aplica;No Aplica;No Aplica;No Aplica;No Aplica;No Aplica;No Aplica;No Aplica;;
;;;;INTEGRACION EQUIPOS CONTROLADORES TEC MANEJADORAS 1 AL 4 LOWER;;;;;;;;;;;;;;;;;
;;;;;;;;;;;;;;;;;;;;;
;;I/O;Piso 5;AI 4;ANALOG INPUT;;PUBLICACION;LSST/PISO4/MANEJADORA/AI4;;;No Aplica;No Aplica;No Aplica;No Aplica;No Aplica;No Aplica;No Aplica;No Aplica;No Aplica;;
;;I/O;Piso 5;AI 5;ANALOG INPUT;;PUBLICACION;LSST/PISO4/MANEJADORA/AI5;;;No Aplica;No Aplica;No Aplica;No Aplica;No Aplica;No Aplica;No Aplica;No Aplica;No Aplica;;
;;;;;;;;;;;;;;;;;;;;;
;;;;;;;;;;;;;;;;;;;;;
;;;;;;;;;;;;;;;;;;;;;
;;;;;;;;;;;;;;;;;;;;;
;;;;;;;;;;;;;;;;;;;;;
;;;;;;;;;;;;;;;;;;;;;
;;;;;;;;;;;;;;;;;;;;;
;;;;;;;;;;;;;;;;;;;;;
;;;;;;;;;;;;;;;;;;;;;
;;;;;;;;;;;;;;;;;;;;;
;;;;;;;;;;;;;;;;;;;;;
;;;;;;;;;;;;;;;;;;;;;
;;;;;;;;;;;;;;;;;;;;;
;;;;;;;;;;;;;;;;;;;;;
;;;;;;;;;;;;;;;;;;;;;
;;;;;;;;;;;;;;;;;;;;;
;;;;;;;;;;;;;;;;;;;;;
;;;;;;;;;;;;;;;;;;;;;
;;;;;;;;;;;;;;;;;;;;;
;;;;;;;;;;;;;;;;;;;;;
;;;;;;;;;;;;;;;;;;;;;
;;;;;;;;;;;;;;;;;;;;;
;;;;;;;;;;;;;;;;;;;;;
;;;;;;;;;;;;;;;;;;;;;
;;;;;;;;;;;;;;;;;;;;;
;;;;;;;;;;;;;;;;;;;;;
;;;;;;;;;;;;;;;;;;;;;
;;;;;;;;;;;;;;;;;;;;;
;;;;;;;;;;;;;;;;;;;;;
;;;;;;;;;;;;;;;;;;;;;
;;;;;;;;;;;;;;;;;;;;;
;;;;;;;;;;;;;;;;;;;;;
;;;;;;;;;;;;;;;;;;;;;
;;;;;;;;;;;;;;;;;;;;;
;;;;;;;;;;;;;;;;;;;;;
;;;;;;;;;;;;;;;;;;;;;
;;;;;;;;;;;;;;;;;;;;;
;;;;;;;;;;;;;;;;;;;;;
;;;;;;;;;;;;;;;;;;;;;
;;;;;;;;;;;;;;;;;;;;;
;;;;;;;;;;;;;;;;;;;;;
;;;;;;;;;;;;;;;;;;;;;
;;;;;;;;;;;;;;;;;;;;;
;;;;;;;;;;;;;;;;;;;;;
;;;;;;;;;;;;;;;;;;;;;
;;;;;;;;;;;;;;;;;;;;;
;;;;;;;;;;;;;;;;;;;;;
;;;;;;;;;;;;;;;;;;;;;
;;;;;;;;;;;;;;;;;;;;;
;;;;;;;;;;;;;;;;;;;;;
;;;;;;;;;;;;;;;;;;;;;
;;;;;;;;;;;;;;;;;;;;;
;;;;;;;;;;;;;;;;;;;;;
;;;;;;;;;;;;;;;;;;;;;
;;;;;;;;;;;;;;;;;;;;;
;;;;;;;;;;;;;;;;;;;;;
;;;;;;;;;;;;;;;;;;;;;
;;;;;;;;;;;;;;;;;;;;;
;;;;;;;;;;;;;;;;;;;;;
;;;;;;;;;;;;;;;;;;;;;
;;;;;;;;;;;;;;;;;;;;;
;;;;;;;;;;;;;;;;;;;;;
;;;;;;;;;;;;;;;;;;;;;
;;;;;;;;;;;;;;;;;;;;;
;;;;;;;;;;;;;;;;;;;;;
;;;;;;;;;;;;;;;;;;;;;
;;;;;;;;;;;;;;;;;;;;;
;;;;;;;;;;;;;;;;;;;;;
;;;;;;;;;;;;;;;;;;;;;
;;;;;;;;;;;;;;;;;;;;;
;;;;;;;;;;;;;;;;;;;;;
;;;;;;;;;;;;;;;;;;;;;
;;;;;;;;;;;;;;;;;;;;;
;;;;;;;;;;;;;;;;;;;;;
;;;;;;;;;;;;;;;;;;;;;
;;;;;;;;;;;;;;;;;;;;;
;;;;;;;;;;;;;;;;;;;;;
;;;;;;;;;;;;;;;;;;;;;
;;;;;;;;;;;;;;;;;;;;;
;;;;;;;;;;;;;;;;;;;;;
;;;;;;;;;;;;;;;;;;;;;
;;;;;;;;;;;;;;;;;;;;;
;;;;;;;;;;;;;;;;;;;;;
;;;;;;;;;;;;;;;;;;;;;
;;;;;;;;;;;;;;;;;;;;;
;;;;;;;;;;;;;;;;;;;;;
;;;;;;;;;;;;;;;;;;;;;
;;;;;;;;;;;;;;;;;;;;;
;;;;;;;;;;;;;;;;;;;;;
;;;;;;;;;;;;;;;;;;;;;
;;;;;;;;;;;;;;;;;;;;;
;;;;;;;;;;;;;;;;;;;;;
;;;;;;;;;;;;;;;;;;;;;
;;;;;;;;;;;;;;;;;;;;;
;;;;;;;;;;;;;;;;;;;;;
;;;;;;;;;;;;;;;;;;;;;
;;;;;;;;;;;;;;;;;;;;;
;;;;;;;;;;;;;;;;;;;;;
;;;;;;;;;;;;;;;;;;;;;
;;;;;;;;;;;;;;;;;;;;;
;;;;;;;;;;;;;;;;;;;;;
;;;;;;;;;;;;;;;;;;;;;
;;;;;;;;;;;;;;;;;;;;;
;;;;;;;;;;;;;;;;;;;;;
;;;;;;;;;;;;;;;;;;;;;
;;;;;;;;;;;;;;;;;;;;;
;;;;;;;;;;;;;;;;;;;;;
;;;;;;;;;;;;;;;;;;;;;
;;;;;;;;;;;;;;;;;;;;;
;;;;;;;;;;;;;;;;;;;;;
;;;;;;;;;;;;;;;;;;;;;
;;;;;;;;;;;;;;;;;;;;;
;;;;;;;;;;;;;;;;;;;;;
;;;;;;;;;;;;;;;;;;;;;
;;;;;;;;;;;;;;;;;;;;;
;;;;;;;;;;;;;;;;;;;;;
;;;;;;;;;;;;;;;;;;;;;
;;;;;;;;;;;;;;;;;;;;;
;;;;;;;;;;;;;;;;;;;;;
;;;;;;;;;;;;;;;;;;;;;
;;;;;;;;;;;;;;;;;;;;;
;;;;;;;;;;;;;;;;;;;;;
;;;;;;;;;;;;;;;;;;;;;
;;;;;;;;;;;;;;;;;;;;;
;;;;;;;;;;;;;;;;;;;;;
;;;;;;;;;;;;;;;;;;;;;
;;;;;;;;;;;;;;;;;;;;;
;;;;;;;;;;;;;;;;;;;;;
;;;;;;;;;;;;;;;;;;;;;
;;;;;;;;;;;;;;;;;;;;;
;;;;;;;;;;;;;;;;;;;;;
;;;;;;;;;;;;;;;;;;;;;
;;;;;;;;;;;;;;;;;;;;;
;;;;;;;;;;;;;;;;;;;;;
;;;;;;;;;;;;;;;;;;;;;
;;;;;;;;;;;;;;;;;;;;;
;;;;;;;;;;;;;;;;;;;;;
;;;;;;;;;;;;;;;;;;;;;
;;;;;;;;;;;;;;;;;;;;;
;;;;;;;;;;;;;;;;;;;;;
;;;;;;;;;;;;;;;;;;;;;
;;;;;;;;;;;;;;;;;;;;;
;;;;;;;;;;;;;;;;;;;;;
;;;;;;;;;;;;;;;;;;;;;
;;;;;;;;;;;;;;;;;;;;;
;;;;;;;;;;;;;;;;;;;;;
;;;;;;;;;;;;;;;;;;;;;
;;;;;;;;;;;;;;;;;;;;;
;;;;;;;;;;;;;;;;;;;;;
;;;;;;;;;;;;;;;;;;;;;
;;;;;;;;;;;;;;;;;;;;;
;;;;;;;;;;;;;;;;;;;;;
;;;;;;;;;;;;;;;;;;;;;
;;;;;;;;;;;;;;;;;;;;;
;;;;;;;;;;;;;;;;;;;;;
;;;;;;;;;;;;;;;;;;;;;
;;;;;;;;;;;;;;;;;;;;;
;;;;;;;;;;;;;;;;;;;;;
;;;;;;;;;;;;;;;;;;;;;
;;;;;;;;;;;;;;;;;;;;;
;;;;;;;;;;;;;;;;;;;;;
;;;;;;;;;;;;;;;;;;;;;
;;;;;;;;;;;;;;;;;;;;;
;;;;;;;;;;;;;;;;;;;;;
;;;;;;;;;;;;;;;;;;;;;
;;;;;;;;;;;;;;;;;;;;;
;;;;;;;;;;;;;;;;;;;;;
;;;;;;;;;;;;;;;;;;;;;
;;;;;;;;;;;;;;;;;;;;;
;;;;;;;;;;;;;;;;;;;;;
;;;;;;;;;;;;;;;;;;;;;
;;;;;;;;;;;;;;;;;;;;;
;;;;;;;;;;;;;;;;;;;;;
;;;;;;;;;;;;;;;;;;;;;
;;;;;;;;;;;;;;;;;;;;;
;;;;;;;;;;;;;;;;;;;;;
;;;;;;;;;;;;;;;;;;;;;
;;;;;;;;;;;;;;;;;;;;;
;;;;;;;;;;;;;;;;;;;;;
;;;;;;;;;;;;;;;;;;;;;
;;;;;;;;;;;;;;;;;;;;;
;;;;;;;;;;;;;;;;;;;;;
;;;;;;;;;;;;;;;;;;;;;
;;;;;;;;;;;;;;;;;;;;;
;;;;;;;;;;;;;;;;;;;;;
;;;;;;;;;;;;;;;;;;;;;
;;;;;;;;;;;;;;;;;;;;;
;;;;;;;;;;;;;;;;;;;;;
;;;;;;;;;;;;;;;;;;;;;
;;;;;;;;;;;;;;;;;;;;;
;;;;;;;;;;;;;;;;;;;;;
;;;;;;;;;;;;;;;;;;;;;
;;;;;;;;;;;;;;;;;;;;;
;;;;;;;;;;;;;;;;;;;;;
;;;;;;;;;;;;;;;;;;;;;
;;;;;;;;;;;;;;;;;;;;;
;;;;;;;;;;;;;;;;;;;;;
;;;;;;;;;;;;;;;;;;;;;
;;;;;;;;;;;;;;;;;;;;;
;;;;;;;;;;;;;;;;;;;;;
;;;;;;;;;;;;;;;;;;;;;
;;;;;;;;;;;;;;;;;;;;;
;;;;;;;;;;;;;;;;;;;;;
;;;;;;;;;;;;;;;;;;;;;
;;;;;;;;;;;;;;;;;;;;;
;;;;;;;;;;;;;;;;;;;;;
;;;;;;;;;;;;;;;;;;;;;
;;;;;;;;;;;;;;;;;;;;;
;;;;;;;;;;;;;;;;;;;;;
;;;;;;;;;;;;;;;;;;;;;
;;;;;;;;;;;;;;;;;;;;;
;;;;;;;;;;;;;;;;;;;;;
;;;;;;;;;;;;;;;;;;;;;
;;;;;;;;;;;;;;;;;;;;;
;;;;;;;;;;;;;;;;;;;;;
;;;;;;;;;;;;;;;;;;;;;
;;;;;;;;;;;;;;;;;;;;;
;;;;;;;;;;;;;;;;;;;;;
;;;;;;;;;;;;;;;;;;;;;
;;;;;;;;;;;;;;;;;;;;;
;;;;;;;;;;;;;;;;;;;;;
;;;;;;;;;;;;;;;;;;;;;
;;;;;;;;;;;;;;;;;;;;;
;;;;;;;;;;;;;;;;;;;;;
;;;;;;;;;;;;;;;;;;;;;
;;;;;;;;;;;;;;;;;;;;;
;;;;;;;;;;;;;;;;;;;;;
;;;;;;;;;;;;;;;;;;;;;
;;;;;;;;;;;;;;;;;;;;;
;;;;;;;;;;;;;;;;;;;;;
;;;;;;;;;;;;;;;;;;;;;
;;;;;;;;;;;;;;;;;;;;;
;;;;;;;;;;;;;;;;;;;;;
;;;;;;;;;;;;;;;;;;;;;
;;;;;;;;;;;;;;;;;;;;;
;;;;;;;;;;;;;;;;;;;;;
;;;;;;;;;;;;;;;;;;;;;
;;;;;;;;;;;;;;;;;;;;;
;;;;;;;;;;;;;;;;;;;;;
;;;;;;;;;;;;;;;;;;;;;
;;;;;;;;;;;;;;;;;;;;;
;;;;;;;;;;;;;;;;;;;;;
;;;;;;;;;;;;;;;;;;;;;
;;;;;;;;;;;;;;;;;;;;;
;;;;;;;;;;;;;;;;;;;;;
;;;;;;;;;;;;;;;;;;;;;
;;;;;;;;;;;;;;;;;;;;;
;;;;;;;;;;;;;;;;;;;;;
;;;;;;;;;;;;;;;;;;;;;
;;;;;;;;;;;;;;;;;;;;;
;;;;;;;;;;;;;;;;;;;;;
;;;;;;;;;;;;;;;;;;;;;
;;;;;;;;;;;;;;;;;;;;;
;;;;;;;;;;;;;;;;;;;;;
;;;;;;;;;;;;;;;;;;;;;
;;;;;;;;;;;;;;;;;;;;;
;;;;;;;;;;;;;;;;;;;;;
;;;;;;;;;;;;;;;;;;;;;
;;;;;;;;;;;;;;;;;;;;;
;;;;;;;;;;;;;;;;;;;;;
;;;;;;;;;;;;;;;;;;;;;
;;;;;;;;;;;;;;;;;;;;;
;;;;;;;;;;;;;;;;;;;;;
;;;;;;;;;;;;;;;;;;;;;
;;;;;;;;;;;;;;;;;;;;;
;;;;;;;;;;;;;;;;;;;;;
;;;;;;;;;;;;;;;;;;;;;
;;;;;;;;;;;;;;;;;;;;;
;;;;;;;;;;;;;;;;;;;;;
;;;;;;;;;;;;;;;;;;;;;
;;;;;;;;;;;;;;;;;;;;;
;;;;;;;;;;;;;;;;;;;;;
;;;;;;;;;;;;;;;;;;;;;
;;;;;;;;;;;;;;;;;;;;;
;;;;;;;;;;;;;;;;;;;;;
;;;;;;;;;;;;;;;;;;;;;
;;;;;;;;;;;;;;;;;;;;;
;;;;;;;;;;;;;;;;;;;;;
;;;;;;;;;;;;;;;;;;;;;
;;;;;;;;;;;;;;;;;;;;;
;;;;;;;;;;;;;;;;;;;;;
;;;;;;;;;;;;;;;;;;;;;
;;;;;;;;;;;;;;;;;;;;;
;;;;;;;;;;;;;;;;;;;;;
;;;;;;;;;;;;;;;;;;;;;
;;;;;;;;;;;;;;;;;;;;;
;;;;;;;;;;;;;;;;;;;;;
;;;;;;;;;;;;;;;;;;;;;
;;;;;;;;;;;;;;;;;;;;;
;;;;;;;;;;;;;;;;;;;;;
;;;;;;;;;;;;;;;;;;;;;
;;;;;;;;;;;;;;;;;;;;;
;;;;;;;;;;;;;;;;;;;;;
;;;;;;;;;;;;;;;;;;;;;
;;;;;;;;;;;;;;;;;;;;;
;;;;;;;;;;;;;;;;;;;;;
;;;;;;;;;;;;;;;;;;;;;
;;;;;;;;;;;;;;;;;;;;;
;;;;;;;;;;;;;;;;;;;;;
;;;;;;;;;;;;;;;;;;;;;
;;;;;;;;;;;;;;;;;;;;;
;;;;;;;;;;;;;;;;;;;;;
;;;;;;;;;;;;;;;;;;;;;
;;;;;;;;;;;;;;;;;;;;;
;;;;;;;;;;;;;;;;;;;;;
;;;;;;;;;;;;;;;;;;;;;
;;;;;;;;;;;;;;;;;;;;;
;;;;;;;;;;;;;;;;;;;;;
;;;;;;;;;;;;;;;;;;;;;
;;;;;;;;;;;;;;;;;;;;;
;;;;;;;;;;;;;;;;;;;;;
;;;;;;;;;;;;;;;;;;;;;
;;;;;;;;;;;;;;;;;;;;;
;;;;;;;;;;;;;;;;;;;;;
;;;;;;;;;;;;;;;;;;;;;
;;;;;;;;;;;;;;;;;;;;;
;;;;;;;;;;;;;;;;;;;;;
;;;;;;;;;;;;;;;;;;;;;
;;;;;;;;;;;;;;;;;;;;;
;;;;;;;;;;;;;;;;;;;;;
;;;;;;;;;;;;;;;;;;;;;
;;;;;;;;;;;;;;;;;;;;;
;;;;;;;;;;;;;;;;;;;;;
;;;;;;;;;;;;;;;;;;;;;
;;;;;;;;;;;;;;;;;;;;;
;;;;;;;;;;;;;;;;;;;;;
;;;;;;;;;;;;;;;;;;;;;
;;;;;;;;;;;;;;;;;;;;;
;;;;;;;;;;;;;;;;;;;;;
;;;;;;;;;;;;;;;;;;;;;
;;;;;;;;;;;;;;;;;;;;;
;;;;;;;;;;;;;;;;;;;;;
;;;;;;;;;;;;;;;;;;;;;
;;;;;;;;;;;;;;;;;;;;;
;;;;;;;;;;;;;;;;;;;;;
;;;;;;;;;;;;;;;;;;;;;
;;;;;;;;;;;;;;;;;;;;;
;;;;;;;;;;;;;;;;;;;;;
;;;;;;;;;;;;;;;;;;;;;
;;;;;;;;;;;;;;;;;;;;;
;;;;;;;;;;;;;;;;;;;;;
;;;;;;;;;;;;;;;;;;;;;
;;;;;;;;;;;;;;;;;;;;;
;;;;;;;;;;;;;;;;;;;;;
;;;;;;;;;;;;;;;;;;;;;
;;;;;;;;;;;;;;;;;;;;;
;;;;;;;;;;;;;;;;;;;;;
;;;;;;;;;;;;;;;;;;;;;
;;;;;;;;;;;;;;;;;;;;;
;;;;;;;;;;;;;;;;;;;;;
;;;;;;;;;;;;;;;;;;;;;
;;;;;;;;;;;;;;;;;;;;;
;;;;;;;;;;;;;;;;;;;;;
;;;;;;;;;;;;;;;;;;;;;
;;;;;;;;;;;;;;;;;;;;;
;;;;;;;;;;;;;;;;;;;;;
;;;;;;;;;;;;;;;;;;;;;
;;;;;;;;;;;;;;;;;;;;;
;;;;;;;;;;;;;;;;;;;;;
;;;;;;;;;;;;;;;;;;;;;
;;;;;;;;;;;;;;;;;;;;;
;;;;;;;;;;;;;;;;;;;;;
;;;;;;;;;;;;;;;;;;;;;
;;;;;;;;;;;;;;;;;;;;;
;;;;;;;;;;;;;;;;;;;;;
;;;;;;;;;;;;;;;;;;;;;
;;;;;;;;;;;;;;;;;;;;;
;;;;;;;;;;;;;;;;;;;;;
;;;;;;;;;;;;;;;;;;;;;
;;;;;;;;;;;;;;;;;;;;;
;;;;;;;;;;;;;;;;;;;;;
;;;;;;;;;;;;;;;;;;;;;
;;;;;;;;;;;;;;;;;;;;;
;;;;;;;;;;;;;;;;;;;;;
;;;;;;;;;;;;;;;;;;;;;
;;;;;;;;;;;;;;;;;;;;;
;;;;;;;;;;;;;;;;;;;;;
;;;;;;;;;;;;;;;;;;;;;
;;;;;;;;;;;;;;;;;;;;;
;;;;;;;;;;;;;;;;;;;;;
;;;;;;;;;;;;;;;;;;;;;
;;;;;;;;;;;;;;;;;;;;;
;;;;;;;;;;;;;;;;;;;;;
;;;;;;;;;;;;;;;;;;;;;
;;;;;;;;;;;;;;;;;;;;;
;;;;;;;;;;;;;;;;;;;;;
;;;;;;;;;;;;;;;;;;;;;
;;;;;;;;;;;;;;;;;;;;;
;;;;;;;;;;;;;;;;;;;;;
;;;;;;;;;;;;;;;;;;;;;
;;;;;;;;;;;;;;;;;;;;;
;;;;;;;;;;;;;;;;;;;;;
;;;;;;;;;;;;;;;;;;;;;
;;;;;;;;;;;;;;;;;;;;;
;;;;;;;;;;;;;;;;;;;;;
;;;;;;;;;;;;;;;;;;;;;
;;;;;;;;;;;;;;;;;;;;;
;;;;;;;;;;;;;;;;;;;;;
;;;;;;;;;;;;;;;;;;;;;
;;;;;;;;;;;;;;;;;;;;;
;;;;;;;;;;;;;;;;;;;;;
;;;;;;;;;;;;;;;;;;;;;
;;;;;;;;;;;;;;;;;;;;;
;;;;;;;;;;;;;;;;;;;;;
;;;;;;;;;;;;;;;;;;;;;
;;;;;;;;;;;;;;;;;;;;;
;;;;;;;;;;;;;;;;;;;;;
;;;;;;;;;;;;;;;;;;;;;
;;;;;;;;;;;;;;;;;;;;;
;;;;;;;;;;;;;;;;;;;;;
;;;;;;;;;;;;;;;;;;;;;
;;;;;;;;;;;;;;;;;;;;;
;;;;;;;;;;;;;;;;;;;;;
;;;;;;;;;;;;;;;;;;;;;
;;;;;;;;;;;;;;;;;;;;;
;;;;;;;;;;;;;;;;;;;;;
;;;;;;;;;;;;;;;;;;;;;
;;;;;;;;;;;;;;;;;;;;;
;;;;;;;;;;;;;;;;;;;;;
;;;;;;;;;;;;;;;;;;;;;
;;;;;;;;;;;;;;;;;;;;;
;;;;;;;;;;;;;;;;;;;;;
;;;;;;;;;;;;;;;;;;;;;
;;;;;;;;;;;;;;;;;;;;;
;;;;;;;;;;;;;;;;;;;;;
;;;;;;;;;;;;;;;;;;;;;
;;;;;;;;;;;;;;;;;;;;;
;;;;;;;;;;;;;;;;;;;;;
;;;;;;;;;;;;;;;;;;;;;
;;;;;;;;;;;;;;;;;;;;;
;;;;;;;;;;;;;;;;;;;;;
;;;;;;;;;;;;;;;;;;;;;
;;;;;;;;;;;;;;;;;;;;;
;;;;;;;;;;;;;;;;;;;;;
;;;;;;;;;;;;;;;;;;;;;